query	target	pident	qcov	tcov	evalue	bits	qstart	qend	tstart	tend	entry	desc	organism	class	bin
PRSS1_domain	P07477	100.0	1.0	0.907	8.119e-157	481	1	224	24	247	TRY1_HUMAN	Serine protease 1	Homo sapiens	trypsin	(90, 101]
PRSS1_domain	P07478	89.2	1.0	0.907	5.698e-140	432	1	224	24	247	TRY2_HUMAN	Trypsin-2	Homo sapiens	trypsin	(80, 90]
PRSS1_domain	Q8NHM4	89.2	1.0	0.907	3.7799999999999995e-139	430	1	224	24	247	TRY6_HUMAN	Putative trypsin-6	Homo sapiens	trypsin	(80, 90]
PRSS1_domain	P35030	87.0	1.0	0.737	8.047e-137	423	1	224	81	304	TRY3_HUMAN	Trypsin-3	Homo sapiens	trypsin	(80, 90]
PRSS1_domain	P06872	80.8	1.0	0.907	4.678000000000001e-128	398	1	224	24	247	TRY2_CANLF	Anionic trypsin	Canis lupus familiaris	trypsin	(80, 90]
PRSS1_domain	P00763	80.2	0.996	0.907	1.501e-126	393	1	223	24	246	TRY2_RAT	Anionic trypsin-2	Rattus norvegicus	trypsin	(80, 90]
PRSS1_domain	P08426	78.4	0.996	0.903	1.3639999999999998e-125	391	1	223	25	247	TRY3_RAT	Cationic trypsin-3	Rattus norvegicus	trypsin	(70, 80]
PRSS1_domain	Q9R0T7	78.9	0.996	0.907	3.513e-125	389	1	223	24	246	TRY4_MOUSE	Trypsin-4	Mus musculus	trypsin	(70, 80]
PRSS1_domain	Q9QUK9	77.5	0.996	0.907	5.999e-124	386	1	223	24	246	TRY5_MOUSE	Trypsin-5	Mus musculus	trypsin	(70, 80]
PRSS1_domain	P00761	78.9	0.996	0.965	1.1270000000000001e-123	385	1	223	9	231	TRYP_PIG	Trypsin	Sus scrofa	trypsin	(70, 80]
PRSS1_domain	Q29463	78.1	1.0	0.907	3.6150000000000003e-122	381	1	224	24	247	TRY2_BOVIN	Anionic trypsin	Bos taurus	trypsin	(70, 80]
PRSS1_domain	P00762	78.0	0.996	0.907	2.397e-121	378	1	223	24	246	TRY1_RAT	Serine protease 1	Rattus norvegicus	trypsin	(70, 80]
PRSS1_domain	P07146	75.7	0.996	0.907	1.054e-119	374	1	223	24	246	TRY2_MOUSE	Anionic trypsin-2	Mus musculus	trypsin	(70, 80]
PRSS1_domain	P00760	75.3	0.996	0.907	1.444e-119	373	1	223	24	246	TRY1_BOVIN	Serine protease 1	Bos taurus	trypsin	(70, 80]
PRSS1_domain	P06871	75.3	0.996	0.907	4.633e-118	369	1	223	24	246	TRY1_CANLF	Serine protease 1	Canis lupus familiaris	trypsin	(70, 80]
PRSS1_domain	P70059	70.4	0.996	0.914	4.3289999999999994e-114	357	1	223	22	244	TRY2_XENLA	Trypsin	Xenopus laevis	trypsin	(70, 80]
PRSS1_domain	P19799	70.8	0.996	0.918	4.898e-112	351	1	223	21	243	TRY1_XENLA	Trypsin	Xenopus laevis	trypsin	(70, 80]
PRSS1_domain	P35033	68.6	0.996	0.937	6.713e-112	351	1	223	16	238	TRY3_SALSA	Trypsin-3 (Fragment)	Salmo salar	trypsin	(60, 70]
PRSS1_domain	Q90627	68.6	0.996	0.899	1.57e-110	347	1	223	26	248	TRY1_CHICK	Trypsin I-P1	Gallus gallus	trypsin	(60, 70]
PRSS1_domain	Q90628	68.6	0.996	0.899	5.54e-110	346	1	223	26	248	TRY2_CHICK	Trypsin I-P38	Gallus gallus	trypsin	(60, 70]
PRSS1_domain	Q90629	70.2	0.991	0.895	1.2960000000000001e-108	342	1	222	26	247	TRY3_CHICK	Trypsin II-P29	Gallus gallus	trypsin	(70, 80]
PRSS1_domain	P12788	68.3	0.996	0.907	1.776e-108	341	1	223	24	247	TRY4_RAT	Trypsin-4	Rattus norvegicus	trypsin	(60, 70]
PRSS1_domain	P32822	67.2	0.996	0.902	9.710000000000001e-106	333	1	223	25	246	TRYB_RAT	Trypsin V-B	Rattus norvegicus	trypsin	(60, 70]
PRSS1_domain	P32821	67.2	0.996	0.902	6.435e-105	331	1	223	25	246	TRYA_RAT	Trypsin V-A	Rattus norvegicus	trypsin	(60, 70]
PRSS1_domain	P35032	63.8	0.987	0.952	7.464e-100	316	1	221	10	229	TRY2_SALSA	Trypsin-2 (Fragment)	Salmo salar	trypsin	(60, 70]
PRSS1_domain	P35031	63.5	0.991	0.913	2.6330000000000002e-99	315	1	222	21	241	TRY1_SALSA	Trypsin-1	Salmo salar	trypsin	(60, 70]
PRSS1_domain	P00764	64.4	0.991	0.965	1.2730000000000001e-98	313	1	222	8	228	TRYP_SQUAC	Trypsin	Squalus acanthias	trypsin	(60, 70]
PRSS1_domain	P16049	62.4	0.987	0.913	1.788e-95	304	1	221	20	239	TRY1_GADMO	Trypsin-1	Gadus morhua	trypsin	(60, 70]
PRSS1_domain	Q91041	61.7	0.991	0.917	4.603e-95	302	1	222	20	240	TRYX_GADMO	Trypsin-10	Gadus morhua	trypsin	(60, 70]
PRSS1_domain	Q8CGR5	48.0	0.996	0.908	4.842e-73	239	1	223	24	250	KLK14_MOUSE	Kallikrein-14	Mus musculus	kallikrein	(40, 50]
PRSS1_domain	P35034	47.3	0.991	0.904	3.2e-72	237	1	222	23	248	TRYP_PLEPL	Trypsin	Pleuronectes platessa	trypsin	(40, 50]
PRSS1_domain	Q9Y337	46.9	1.0	0.775	3.644e-67	222	1	224	67	293	KLK5_HUMAN	Kallikrein-5	Homo sapiens	kallikrein	(40, 50]
PRSS1_domain	P06870	43.5	1.0	0.908	2.175e-65	217	1	224	25	262	KLK1_HUMAN	Kallikrein-1	Homo sapiens	kallikrein	(40, 50]
PRSS1_domain	P15947	43.0	0.996	0.904	1.0480000000000001e-64	215	1	223	25	260	KLK1_MOUSE	Kallikrein-1	Mus musculus	kallikrein	(40, 50]
PRSS1_domain	Q7JIG6	43.4	0.996	0.922	1.9670000000000002e-64	214	1	223	21	255	KLK15_SAGOE	Kallikrein-15	Saguinus oedipus	kallikrein	(40, 50]
PRSS1_domain	O88780	44.4	0.982	0.862	1.9670000000000002e-64	214	1	220	33	256	KLK8_RAT	Kallikrein-8	Rattus norvegicus	kallikrein	(40, 50]
PRSS1_domain	Q9UBX7	45.4	0.996	0.812	2.6930000000000002e-64	214	1	223	54	282	KLK11_HUMAN	Kallikrein-11	Homo sapiens	kallikrein	(40, 50]
PRSS1_domain	Q9P0G3	43.7	0.982	0.892	3.689e-64	213	1	220	25	248	KLK14_HUMAN	Kallikrein-14	Homo sapiens	kallikrein	(40, 50]
PRSS1_domain	Q28773	43.7	1.0	0.907	3.689e-64	213	1	224	25	258	KLK1_PAPHA	Kallikrein-1	Papio hamadryas	kallikrein	(40, 50]
PRSS1_domain	P20151	45.7	0.996	0.904	3.689e-64	213	1	223	25	260	KLK2_HUMAN	Kallikrein-2	Homo sapiens	kallikrein	(40, 50]
PRSS1_domain	Q07276	43.5	1.0	0.907	5.052e-64	213	1	224	25	257	KLK1_MACFA	Kallikrein-1	Macaca fascicularis	kallikrein	(40, 50]
PRSS1_domain	Q61955	44.4	0.982	0.862	5.052e-64	213	1	220	33	256	KLK8_MOUSE	Kallikrein-8	Mus musculus	kallikrein	(40, 50]
PRSS1_domain	Q9H2R5	42.9	0.996	0.918	6.919e-64	213	1	223	22	256	KLK15_HUMAN	Kallikrein-15	Homo sapiens	kallikrein	(40, 50]
PRSS1_domain	O60259	43.1	0.991	0.869	1.2980000000000001e-63	212	1	222	33	258	KLK8_HUMAN	Kallikrein-8	Homo sapiens	kallikrein	(40, 50]
PRSS1_domain	Q09GK1	44.2	1.0	0.874	2.434e-63	211	1	224	25	252	VSP_PHIOL	Snake venom serine protease	Philodryas olfersii	venom protease	(40, 50]
PRSS1_domain	A8QL57	43.8	0.996	0.801	2.434e-63	211	1	223	57	282	VSP1_BUNMU	Snake venom serine protease BmSP (Fragment)	Bungarus multicinctus	venom protease	(40, 50]
PRSS1_domain	Q9QYN3	44.5	0.996	0.83	3.334e-63	211	1	223	48	276	KLK11_MOUSE	Kallikrein-11	Mus musculus	kallikrein	(40, 50]
PRSS1_domain	Q5MCS0	43.6	1.0	0.857	4.566e-63	210	1	224	34	260	VSPHA_HYDHA	Serine protease harobin	Hydrophis hardwickii	other S1	(40, 50]
PRSS1_domain	Q9UKR3	45.7	0.973	0.812	4.566e-63	210	3	220	38	262	KLK13_HUMAN	Kallikrein-13	Homo sapiens	kallikrein	(40, 50]
PRSS1_domain	A8QL53	43.3	0.996	0.801	6.253000000000001e-63	210	1	223	57	282	VSP1_NAJAT	Snake venom serine protease NaSP (Fragment)	Naja atra	venom protease	(40, 50]
PRSS1_domain	Q92876	44.6	0.991	0.91	8.564000000000001e-63	209	1	222	22	243	KLK6_HUMAN	Kallikrein-6	Homo sapiens	kallikrein	(40, 50]
PRSS1_domain	P00752	41.0	0.996	0.967	1.173e-62	209	1	223	8	245	KLK_PIG	Glandular kallikrein	Sus scrofa	kallikrein	(40, 50]
PRSS1_domain	P36375	42.5	0.996	0.903	1.987e-61	205	1	223	25	258	KLK10_RAT	Glandular kallikrein-10	Rattus norvegicus	kallikrein	(40, 50]
PRSS1_domain	P36373	43.6	0.996	0.904	1.987e-61	205	1	223	25	260	KLK7_RAT	Glandular kallikrein-7, submandibular/renal	Rattus norvegicus	kallikrein	(40, 50]
PRSS1_domain	P07288	43.2	0.996	0.904	1.987e-61	205	1	223	25	260	KLK3_HUMAN	Prostate-specific antigen	Homo sapiens	kallikrein	(40, 50]
PRSS1_domain	P36374	42.2	0.996	0.904	2.721e-61	205	1	223	25	260	KLK6_RAT	Prostatic glandular kallikrein-6	Rattus norvegicus	kallikrein	(40, 50]
PRSS1_domain	A8QL56	42.2	1.0	0.873	5.103e-61	204	1	224	25	251	VSP1_OPHHA	Alpha- and beta-fibrinogenase OhS1	Ophiophagus hannah	venom protease	(40, 50]
PRSS1_domain	Q9PT51	42.3	1.0	0.974	6.988e-61	204	1	224	1	227	VSPB_GLOBL	Beta-fibrinogenase brevinase	Gloydius blomhoffii	venom protease	(40, 50]
PRSS1_domain	P36376	41.9	1.0	0.907	9.569e-61	203	1	224	25	259	KLK12_RAT	Glandular kallikrein-12, submandibular/renal	Rattus norvegicus	kallikrein	(40, 50]
PRSS1_domain	P32824	41.9	0.996	0.905	9.569e-61	203	1	223	25	262	KLKR_MASNA	Renal glandular kallikrein	Mastomys natalensis	kallikrein	(40, 50]
PRSS1_domain	P00758	40.6	0.996	0.904	1.3099999999999998e-60	203	1	223	25	260	KLK1_RAT	Kallikrein-1	Rattus norvegicus	kallikrein	(40, 50]
PRSS1_domain	Q9YGS1	42.2	1.0	0.97	2.457e-60	202	1	224	2	228	VSPA_DEIAC	Thrombin-like enzyme acutin (Fragment)	Deinagkistrodon acutus	venom protease	(40, 50]
PRSS1_domain	Q9YGI6	43.0	1.0	0.885	4.608e-60	201	1	224	25	254	VSP2_GLOHA	Snake venom serine protease pallabin-2	Gloydius halys	venom protease	(40, 50]
PRSS1_domain	Q7SZE2	43.4	1.0	0.974	6.309e-60	201	1	224	1	228	VSPD_GLOUS	Bradykinin-releasing enzyme KR-E-1	Gloydius ussuriensis	other S1	(40, 50]
PRSS1_domain	P15945	41.2	1.0	0.908	6.309e-60	201	1	224	25	261	K1KB5_MOUSE	Kallikrein 1-related peptidase b5	Mus musculus	kallikrein	(40, 50]
PRSS1_domain	Q61759	41.1	0.996	0.904	6.309e-60	201	1	223	25	260	K1B21_MOUSE	Kallikrein 1-related peptidase b21	Mus musculus	kallikrein	(40, 50]
PRSS1_domain	Q7SZE1	44.7	1.0	0.884	8.64e-60	201	1	224	25	252	VSPSX_GLOIT	Thrombin-like enzyme saxthrombin	Gloydius intermedius	venom protease	(40, 50]
PRSS1_domain	P15946	40.2	0.996	0.904	1.183e-59	200	1	223	25	260	K1B11_MOUSE	Kallikrein 1-related peptidase b11	Mus musculus	kallikrein	(40, 50]
PRSS1_domain	O93421	42.6	1.0	0.975	2.218e-59	199	1	224	1	230	VSPPE_GLOHA	Snake venom serine protease pallase	Gloydius halys	venom protease	(40, 50]
PRSS1_domain	Q9YGJ2	42.1	1.0	0.885	2.218e-59	199	1	224	25	254	VSP1_GLOHA	Snake venom serine protease pallabin	Gloydius halys	venom protease	(40, 50]
PRSS1_domain	Q71QI1	42.1	1.0	0.884	3.038e-59	199	1	224	25	252	VSP12_TRIST	Snake venom serine protease KN12	Trimeresurus stejnegeri	venom protease	(40, 50]
PRSS1_domain	P49862	42.3	0.982	0.87	4.159e-59	199	1	220	30	249	KLK7_HUMAN	Kallikrein-7	Homo sapiens	kallikrein	(40, 50]
PRSS1_domain	I4CHP3	41.3	1.0	0.975	5.696e-59	198	1	224	1	232	VSPI_GLOHA	Thrombin-like enzyme AhV_TL-I	Gloydius halys	venom protease	(40, 50]
PRSS1_domain	Q71QH6	41.6	1.0	0.884	5.696e-59	198	1	224	25	252	VSP13_TRIST	Snake venom serine protease KN13	Trimeresurus stejnegeri	venom protease	(40, 50]
PRSS1_domain	P09582	39.8	1.0	0.908	5.696e-59	198	1	224	25	260	ESTA_CANLF	Arginine esterase	Canis lupus familiaris	other S1	(30, 40]
PRSS1_domain	P84787	41.4	1.0	0.974	7.799e-59	198	1	224	1	227	VSP2_PROEL	Thrombin-like enzyme elegaxobin-2	Protobothrops elegans	venom protease	(40, 50]
PRSS1_domain	N0A5N4	42.6	1.0	0.97	7.799e-59	198	1	224	2	231	VAE2_GLOHA	Thrombin-like enzyme agkihpin-2 (Fragment)	Gloydius halys	venom protease	(40, 50]
PRSS1_domain	Q9PTL3	41.8	1.0	0.883	7.799e-59	198	1	224	25	251	VSPSA_GLOBR	Snake venom serine protease salmonase	Gloydius brevicauda	venom protease	(40, 50]
PRSS1_domain	P00756	39.4	0.996	0.904	7.799e-59	198	1	223	25	260	K1KB3_MOUSE	Kallikrein 1-related peptidase b3	Mus musculus	kallikrein	(30, 40]
PRSS1_domain	P15949	40.6	0.996	0.904	7.799e-59	198	1	223	25	260	K1KB9_MOUSE	Kallikrein 1-related peptidase b9	Mus musculus	kallikrein	(40, 50]
PRSS1_domain	N0AAE6	42.6	1.0	0.97	1.0680000000000001e-58	198	1	224	2	231	VAE1_GLOHA	Thrombin-like enzyme agkihpin-1 (Fragment)	Gloydius halys	venom protease	(40, 50]
PRSS1_domain	Q2PQJ3	41.5	1.0	0.974	1.4620000000000001e-58	197	1	224	1	226	VSP1_BOTJR	Thrombin-like enzyme BjussuSP-1	Bothrops jararacussu	venom protease	(40, 50]
PRSS1_domain	Q91509	41.4	1.0	0.883	1.4620000000000001e-58	197	1	224	25	251	VSP3_PROMU	Beta-fibrinogenase mucrofibrase-3	Protobothrops mucrosquamatus	venom protease	(40, 50]
PRSS1_domain	Q71QJ4	42.1	1.0	0.885	2.002e-58	197	1	224	25	254	VSPH4_TRIST	Snake venom serine protease homolog KN4	Trimeresurus stejnegeri	venom protease	(40, 50]
PRSS1_domain	P00755	41.1	0.996	0.904	2.002e-58	197	1	223	25	260	K1KB1_MOUSE	Kallikrein 1-related peptidase b1	Mus musculus	kallikrein	(40, 50]
PRSS1_domain	P84788	40.9	1.0	0.974	2.7410000000000002e-58	196	1	224	1	227	VSP1_PROEL	Thrombin-like enzyme elegaxobin-1	Protobothrops elegans	venom protease	(40, 50]
PRSS1_domain	Q91VE3	41.4	0.982	0.884	2.7410000000000002e-58	196	1	220	26	245	KLK7_MOUSE	Kallikrein-7	Mus musculus	kallikrein	(40, 50]
PRSS1_domain	Q91511	41.4	1.0	0.883	2.7410000000000002e-58	196	1	224	25	251	VSP5_PROMU	Beta-fibrinogenase mucrofibrase-5	Protobothrops mucrosquamatus	venom protease	(40, 50]
PRSS1_domain	P82981	42.1	1.0	0.974	3.754e-58	196	1	224	1	228	VSP2_AGKCO	Thrombin-like enzyme contortrixobin	Agkistrodon contortrix contortrix	venom protease	(40, 50]
PRSS1_domain	P81176	40.9	1.0	0.975	3.754e-58	196	1	224	1	232	VSP1_GLOBL	Thrombin-like enzyme halystase	Gloydius blomhoffii	venom protease	(40, 50]
PRSS1_domain	Q9JM71	40.7	0.996	0.905	3.754e-58	196	1	223	25	262	K1B27_MOUSE	Kallikrein 1-related peptidase b27	Mus musculus	kallikrein	(40, 50]
PRSS1_domain	Q9UKR0	43.4	0.996	0.915	5.1400000000000005e-58	196	1	223	22	248	KLK12_HUMAN	Kallikrein-12	Homo sapiens	kallikrein	(40, 50]
PRSS1_domain	Q8AY80	41.2	1.0	0.884	5.1400000000000005e-58	196	1	224	25	252	VSPS1_TRIST	Alpha- and beta-fibrinogenase stejnefibrase-1	Trimeresurus stejnegeri	venom protease	(40, 50]
PRSS1_domain	Q072L6	41.3	1.0	0.884	5.1400000000000005e-58	196	1	224	25	253	VSPL_BOTAS	Thrombin-like enzyme asperase	Bothrops asper	venom protease	(40, 50]
PRSS1_domain	Q91053	40.5	1.0	0.885	5.1400000000000005e-58	196	1	224	25	256	VSP1_GLOUS	Thrombin-like enzyme calobin-1	Gloydius ussuriensis	venom protease	(40, 50]
PRSS1_domain	Q6T5L0	40.0	1.0	0.975	7.038e-58	195	1	224	1	232	VSPSH_GLOSH	Alpha-fibrinogenase shedaoenase	Gloydius shedaoensis	venom protease	(30, 40]
PRSS1_domain	Q9I8X1	41.2	1.0	0.884	7.038e-58	195	1	224	25	252	VSPP_DEIAC	Snake venom serine protease Dav-PA	Deinagkistrodon acutus	venom protease	(40, 50]
PRSS1_domain	Q91510	40.9	1.0	0.883	9.636e-58	195	1	224	25	251	VSP4_PROMU	Beta-fibrinogenase mucrofibrase-4	Protobothrops mucrosquamatus	venom protease	(40, 50]
PRSS1_domain	Q9DG84	40.9	1.0	0.883	9.636e-58	195	1	224	25	251	VSP7_PROMU	Snake venom serine protease serpentokallikrein-2	Protobothrops mucrosquamatus	kallikrein	(40, 50]
PRSS1_domain	O13059	41.2	1.0	0.884	9.636e-58	195	1	224	25	252	VSP1_CRAGM	Snake venom serine protease 1	Craspedocephalus gramineus	venom protease	(40, 50]
PRSS1_domain	Q71QH7	41.2	1.0	0.884	9.636e-58	195	1	224	25	252	VSPP_TRIST	Snake venom serine protease PA	Trimeresurus stejnegeri	venom protease	(40, 50]
PRSS1_domain	P33619	41.9	0.996	0.904	9.636e-58	195	1	223	25	260	KLK3_MACMU	Prostate-specific antigen	Macaca mulatta	kallikrein	(40, 50]
PRSS1_domain	Q6DT45	41.9	0.996	0.904	9.636e-58	195	1	223	25	260	KLK3_MACFA	Prostate-specific antigen	Macaca fascicularis	kallikrein	(40, 50]
PRSS1_domain	Q91508	40.5	1.0	0.883	1.8060000000000002e-57	194	1	224	25	251	VSP2_PROMU	Beta-fibrinogenase mucrofibrase-2	Protobothrops mucrosquamatus	venom protease	(40, 50]
PRSS1_domain	P00759	41.7	0.996	0.903	1.8060000000000002e-57	194	1	223	25	258	KLK2_RAT	Tonin	Rattus norvegicus	kallikrein	(40, 50]
PRSS1_domain	P09872	39.9	1.0	0.974	2.473e-57	194	1	224	1	225	VSPCA_AGKCO	Protein C activator	Agkistrodon contortrix contortrix	other S1	(30, 40]
PRSS1_domain	E0Y421	41.4	1.0	0.883	2.473e-57	194	1	224	25	251	VSPY_MACLB	Chymotrypsin-like protease VLCTLP	Macrovipera lebetinus	chymotrypsin-like	(40, 50]
PRSS1_domain	Q91507	40.9	1.0	0.883	2.473e-57	194	1	224	25	251	VSP1_PROMU	Beta-fibrinogenase mucrofibrase-1	Protobothrops mucrosquamatus	venom protease	(40, 50]
PRSS1_domain	Q8AY79	41.2	1.0	0.884	2.473e-57	194	1	224	25	252	VSPS2_TRIST	Beta-fibrinogenase stejnefibrase-2	Trimeresurus stejnegeri	venom protease	(40, 50]
PRSS1_domain	Q8UVX1	40.4	1.0	0.885	3.387e-57	193	1	224	25	254	VSPG_GLOUS	Snake venom serine protease gussurobin	Gloydius ussuriensis	venom protease	(40, 50]
PRSS1_domain	Q8UUJ1	40.1	1.0	0.974	4.6370000000000005e-57	193	1	224	1	227	VSPUA_GLOUS	Snake venom serine protease ussurase	Gloydius ussuriensis	venom protease	(40, 50]
PRSS1_domain	Q61754	39.9	0.996	0.905	4.6370000000000005e-57	193	1	223	25	262	K1B24_MOUSE	Kallikrein 1-related peptidase b24	Mus musculus	kallikrein	(30, 40]
PRSS1_domain	Q9UKQ9	41.7	0.964	0.888	6.349e-57	192	2	217	24	245	KLK9_HUMAN	Kallikrein-9	Homo sapiens	kallikrein	(40, 50]
PRSS1_domain	E5L0E6	39.9	1.0	0.882	6.349e-57	192	1	224	25	249	VSPCA_AGKPL	Protein C activator	Agkistrodon piscivorus leucostoma	other S1	(30, 40]
PRSS1_domain	P0CJ41	40.7	1.0	0.884	6.349e-57	192	1	224	25	252	VSPAF_TRIAB	Alpha-fibrinogenase albofibrase	Trimeresurus albolabris	venom protease	(40, 50]
PRSS1_domain	Q7SYF1	42.5	1.0	0.883	8.692000000000001e-57	192	1	224	25	250	VSPP_CERCE	Thrombin-like enzyme cerastocytin	Cerastes cerastes	venom protease	(40, 50]
PRSS1_domain	Q8UUJ2	39.1	1.0	0.975	1.1900000000000001e-56	192	1	224	1	230	VSPUI_GLOUS	Snake venom serine protease ussurin	Gloydius ussuriensis	venom protease	(30, 40]
PRSS1_domain	J3S835	42.5	1.0	0.884	1.1900000000000001e-56	192	1	224	25	252	VSP8_CROAD	Snake venom serine proteinase 8	Crotalus adamanteus	venom protease	(40, 50]
PRSS1_domain	Q8AY78	42.1	1.0	0.884	1.629e-56	191	1	224	25	252	VSP5M_TRIST	Snake venom serine protease 5	Trimeresurus stejnegeri	venom protease	(40, 50]
PRSS1_domain	Q9DF67	41.7	1.0	0.884	1.629e-56	191	1	224	25	252	VSP2_PROJR	Snake venom serine protease 2	Protobothrops jerdonii	venom protease	(40, 50]
PRSS1_domain	Q7T229	41.3	1.0	0.885	2.231e-56	191	1	224	25	254	VSPH_BOTJR	Snake venom serine protease homolog	Bothrops jararacussu	venom protease	(40, 50]
PRSS1_domain	E0Y419	40.5	1.0	0.883	3.054e-56	190	1	224	25	251	VSPBF_MACLB	Beta-fibrinogenase	Macrovipera lebetinus	venom protease	(40, 50]
PRSS1_domain	Q6IWF1	38.7	1.0	0.974	4.182e-56	190	1	224	1	227	VSPTL_BOTAL	Snake venom serine protease BthaTL	Bothrops alternatus	venom protease	(30, 40]
PRSS1_domain	Q9PT41	40.9	1.0	0.888	5.7250000000000005e-56	190	1	224	25	254	VSPF5_MACLB	Factor V activator	Macrovipera lebetinus	coag/complement	(40, 50]
PRSS1_domain	P15948	38.4	0.996	0.903	5.7250000000000005e-56	190	1	223	25	258	K1B22_MOUSE	Kallikrein 1-related peptidase b22	Mus musculus	kallikrein	(30, 40]
PRSS1_domain	A1KXI1	42.6	0.969	0.846	5.7250000000000005e-56	190	1	217	36	260	BLOT3_BLOTA	Trypsin Blo t 3	Blomia tropicalis	trypsin	(40, 50]
PRSS1_domain	P00757	39.8	0.96	0.891	7.838e-56	189	9	223	28	255	K1KB4_MOUSE	Kallikrein 1-related peptidase-like b4	Mus musculus	kallikrein	(30, 40]
PRSS1_domain	Q9YGJ9	39.2	1.0	0.883	7.838e-56	189	1	224	25	251	VSPH2_GLOBR	Snake venom serine protease Haly-2	Gloydius brevicauda	venom protease	(30, 40]
PRSS1_domain	P05620	40.0	1.0	0.885	7.838e-56	189	1	224	25	254	VSP1_PROFL	Thrombin-like enzyme flavoxobin	Protobothrops flavoviridis	venom protease	(30, 40]
PRSS1_domain	Q5W958	39.6	1.0	0.881	1.073e-55	189	1	224	25	247	VSPH_BOTJA	Snake venom serine protease homolog HS120	Bothrops jararaca	venom protease	(30, 40]
PRSS1_domain	P0C5B4	40.0	1.0	0.885	1.073e-55	189	1	224	25	254	VSPGL_GLOSH	Thrombin-like enzyme gloshedobin	Gloydius shedaoensis	venom protease	(30, 40]
PRSS1_domain	O13060	40.1	0.996	0.881	1.469e-55	188	1	223	25	253	VSPHA_CRAGM	Snake venom serine protease homolog 2A	Craspedocephalus gramineus	venom protease	(40, 50]
PRSS1_domain	Q71QJ0	39.6	1.0	0.883	2.011e-55	188	1	224	25	251	VSP02_TRIST	Snake venom serine protease KN2	Trimeresurus stejnegeri	venom protease	(30, 40]
PRSS1_domain	Q91516	40.5	0.996	0.88	2.011e-55	188	1	223	25	251	VSPPA_TRIST	Venom plasminogen activator TSV-PA	Trimeresurus stejnegeri	venom protease	(40, 50]
PRSS1_domain	Q27J47	41.6	1.0	0.884	2.011e-55	188	1	224	25	252	VSPPA_LACMU	Venom plasminogen activator LV-PA	Lachesis muta muta	venom protease	(40, 50]
PRSS1_domain	P00765	42.7	0.969	0.983	2.754e-55	188	1	217	1	233	TRYP_ASTAS	Trypsin-1	Astacus astacus	trypsin	(40, 50]
PRSS1_domain	Q9DF66	41.2	1.0	0.884	2.754e-55	188	1	224	25	252	VSP3_PROJR	Snake venom serine protease 3	Protobothrops jerdonii	venom protease	(40, 50]
PRSS1_domain	Q71QI0	40.1	0.996	0.881	2.754e-55	188	1	223	25	253	VSPH7_TRIST	Snake venom serine protease homolog KN7	Trimeresurus stejnegeri	venom protease	(40, 50]
PRSS1_domain	Q76B45	35.9	1.0	0.897	2.754e-55	188	1	224	30	282	BLTX_BLABR	Blarina toxin	Blarina brevicauda	other S1	(30, 40]
PRSS1_domain	Q8QHK2	42.1	1.0	0.884	3.77e-55	187	1	224	25	252	VSP2_CROAT	Snake venom serine protease catroxase-2	Crotalus atrox	venom protease	(40, 50]
PRSS1_domain	P07647	40.8	0.996	0.903	3.77e-55	187	1	223	25	258	KLK9_RAT	Submandibular glandular kallikrein-9	Rattus norvegicus	kallikrein	(40, 50]
PRSS1_domain	Q71QI5	40.5	1.0	0.883	5.161e-55	187	1	224	25	251	VSP03_TRIST	Snake venom serine protease KN3	Trimeresurus stejnegeri	venom protease	(40, 50]
PRSS1_domain	Q9Y5K2	40.2	0.996	0.882	7.066000000000001e-55	186	1	223	31	254	KLK4_HUMAN	Kallikrein-4	Homo sapiens	kallikrein	(40, 50]
PRSS1_domain	O13062	39.2	1.0	0.883	7.066000000000001e-55	186	1	224	25	251	VSPC_CRAGM	Snake venom serine protease 2C	Craspedocephalus gramineus	venom protease	(30, 40]
PRSS1_domain	P36368	38.3	1.0	0.908	9.673000000000001e-55	186	1	224	25	261	EGFB2_MOUSE	Epidermal growth factor-binding protein type B	Mus musculus	coag/complement	(30, 40]
PRSS1_domain	P29787	43.3	0.969	0.835	9.673000000000001e-55	186	1	217	40	261	TRY5_AEDAE	Trypsin 5G1	Aedes aegypti	trypsin	(40, 50]
PRSS1_domain	P0CG03	40.0	1.0	0.885	1.324e-54	186	1	224	25	254	VSPBH_BOTAL	Thrombin-like enzyme bhalternin	Bothrops alternatus	venom protease	(30, 40]
PRSS1_domain	F8S116	42.1	1.0	0.884	1.813e-54	185	1	224	25	252	VSP5_CROAD	Snake venom serine proteinase 5	Crotalus adamanteus	venom protease	(40, 50]
PRSS1_domain	J3SDX0	38.8	1.0	0.885	1.813e-54	185	1	224	25	254	VSP4_CROAD	Snake venom serine proteinase 4a	Crotalus adamanteus	venom protease	(30, 40]
PRSS1_domain	J3SBQ3	38.4	1.0	0.874	1.813e-54	185	1	224	25	253	VSPD_CROAD	Inactive snake venom serine proteinase 13	Crotalus adamanteus	venom protease	(30, 40]
PRSS1_domain	P12323	37.3	0.996	0.996	2.4819999999999998e-54	185	1	223	1	238	KLK2_CAVPO	Glandular kallikrein, prostatic	Cavia porcellus	kallikrein	(30, 40]
PRSS1_domain	O13057	39.7	0.996	0.881	2.4819999999999998e-54	185	1	223	25	253	VSP2_PROFL	Snake venom serine protease 2	Protobothrops flavoviridis	venom protease	(30, 40]
PRSS1_domain	B0ZT25	40.1	0.996	0.881	2.4819999999999998e-54	185	1	223	25	253	VSPH_PROJR	Snake venom serine protease homolog	Protobothrops jerdonii	venom protease	(40, 50]
PRSS1_domain	P81824	40.4	1.0	0.958	3.398e-54	184	1	224	6	232	VSP1_BOTJA	Platelet-aggregating proteinase PA-BJ (Fragment)	Bothrops jararaca	other S1	(40, 50]
PRSS1_domain	Q072L7	40.6	1.0	0.884	3.398e-54	184	1	224	25	252	VSP_LACST	Snake venom serine protease	Lachesis stenophrys	venom protease	(40, 50]
PRSS1_domain	P47796	42.6	0.996	0.875	4.651e-54	184	1	223	34	263	CTRA_GADMO	Chymotrypsin A	Gadus morhua	chymotrypsin-like	(40, 50]
PRSS1_domain	P81661	38.6	0.996	0.97	6.367e-54	184	1	223	1	225	VSPA_BOTJA	Thrombin-like enzyme bothrombin	Bothrops jararaca	venom protease	(30, 40]
PRSS1_domain	E5L0E5	39.9	1.0	0.884	8.716e-54	183	1	224	25	252	VSPPA_AGKPL	Venom plasminogen activator	Agkistrodon piscivorus leucostoma	venom protease	(30, 40]
PRSS1_domain	Q8AY82	39.3	0.996	0.881	8.716e-54	183	1	223	25	253	VSPH1_TRIST	Snake venom serine protease homolog 1	Trimeresurus stejnegeri	venom protease	(30, 40]
PRSS1_domain	O73800	39.4	1.0	0.885	8.716e-54	183	1	224	25	254	VSPSN_GLOHA	Snake venom serine protease salmobin	Gloydius halys	venom protease	(30, 40]
PRSS1_domain	Q8QHK3	37.5	1.0	0.874	8.716e-54	183	1	224	25	253	VSP1_CROAT	Snake venom serine protease catroxase-1	Crotalus atrox	venom protease	(30, 40]
PRSS1_domain	Q7Z410	39.0	0.964	0.215	8.716e-54	183	1	216	504	731	TMPS9_HUMAN	Transmembrane protease serine 9	Homo sapiens	other S1	(30, 40]
PRSS1_domain	Q71QJ3	40.0	1.0	0.883	1.193e-53	183	1	224	25	251	VSP01_TRIST	Snake venom serine protease KN1	Trimeresurus stejnegeri	venom protease	(30, 40]
PRSS1_domain	Q9YGJ8	40.3	1.0	0.884	1.193e-53	183	1	224	25	252	VSPPA_GLOBR	Venom plasminogen activator Haly-PA	Gloydius brevicauda	venom protease	(40, 50]
PRSS1_domain	P36369	38.3	1.0	0.908	1.193e-53	183	1	224	25	261	K1B26_MOUSE	Kallikrein 1-related peptidase b26	Mus musculus	kallikrein	(30, 40]
PRSS1_domain	Q71QI7	39.7	1.0	0.883	1.633e-53	183	1	224	25	251	VSP11_TRIST	Snake venom serine protease KN11	Trimeresurus stejnegeri	venom protease	(30, 40]
PRSS1_domain	J3SDW9	39.3	1.0	0.881	2.236e-53	182	1	224	25	247	VSPE_CROAD	Snake venom serine proteinase 14	Crotalus adamanteus	venom protease	(30, 40]
PRSS1_domain	Q5W960	37.7	0.996	0.878	2.236e-53	182	1	223	25	248	VSP12_BOTJA	Snake venom serine protease HS112	Bothrops jararaca	venom protease	(30, 40]
PRSS1_domain	Q9DF68	39.2	1.0	0.885	2.236e-53	182	1	224	25	254	VSPH1_PROJR	Snake venom serine protease homolog	Protobothrops jerdonii	venom protease	(30, 40]
PRSS1_domain	J3RY93	39.1	1.0	0.885	2.236e-53	182	1	224	25	254	VSPC_CROAD	Snake venom serine proteinase 12	Crotalus adamanteus	venom protease	(30, 40]
PRSS1_domain	P18964	38.6	0.996	0.97	3.0609999999999997e-53	182	1	223	1	229	VSPA_DABSI	Factor V activator RVV-V alpha	Daboia siamensis	coag/complement	(30, 40]
PRSS1_domain	Q8QG86	38.8	0.996	0.879	3.0609999999999997e-53	182	1	223	25	250	VSP_BOTIN	Snake venom serine protease BITS01A	Bothrops insularis	venom protease	(30, 40]
PRSS1_domain	O13063	40.8	1.0	0.884	3.0609999999999997e-53	182	1	224	25	252	VSP3_CRAGM	Snake venom serine protease 3	Craspedocephalus gramineus	venom protease	(40, 50]
PRSS1_domain	P00766	43.1	0.996	0.939	5.734999999999999e-53	181	1	223	16	245	CTRA_BOVIN	Chymotrypsinogen A	Bos taurus	chymotrypsin-like	(40, 50]
PRSS1_domain	E5L0E4	39.3	1.0	0.883	5.734999999999999e-53	181	1	224	25	250	VSPB_DABSI	Beta-fibrinogenase-like	Daboia siamensis	venom protease	(30, 40]
PRSS1_domain	P0DJF5	39.6	0.996	0.88	5.734999999999999e-53	181	1	223	25	251	VSPPA_TRIAB	Venom plasminogen activator GPV-PA	Trimeresurus albolabris	venom protease	(30, 40]
PRSS1_domain	P04813	42.0	0.996	0.875	5.734999999999999e-53	181	1	223	34	263	CTR2_CANLF	Chymotrypsinogen 2	Canis lupus familiaris	chymotrypsin-like	(40, 50]
PRSS1_domain	O43240	38.6	0.982	0.826	5.734999999999999e-53	181	4	223	49	276	KLK10_HUMAN	Kallikrein-10	Homo sapiens	kallikrein	(30, 40]
PRSS1_domain	Q2QA04	39.4	1.0	0.885	7.850999999999999e-53	181	1	224	25	256	VSP_CRODD	Snake venom serine protease	Crotalus durissus durissus	venom protease	(30, 40]
PRSS1_domain	Q9ES87	39.2	0.987	0.708	7.850999999999999e-53	181	1	221	45	286	PRSS8_RAT	Prostasin	Rattus norvegicus	other S1	(30, 40]
PRSS1_domain	O13069	39.6	1.0	0.883	1.0749999999999999e-52	180	1	224	25	251	VSP2_BOTJA	Thrombin-like enzyme KN-BJ 2	Bothrops jararaca	venom protease	(30, 40]
PRSS1_domain	P07628	37.5	1.0	0.908	1.0749999999999999e-52	180	1	224	25	261	K1KB8_MOUSE	Kallikrein 1-related peptidase b8	Mus musculus	kallikrein	(30, 40]
PRSS1_domain	P69525	37.8	0.996	0.221	1.0749999999999999e-52	180	1	223	506	740	TMPS9_MOUSE	Transmembrane protease serine 9	Mus musculus	other S1	(30, 40]
PRSS1_domain	P04971	37.3	0.996	0.882	1.471e-52	180	1	223	25	249	VSPF_BOTAT	Thrombin-like enzyme batroxobin	Bothrops atrox	venom protease	(30, 40]
PRSS1_domain	E0Y420	38.7	1.0	0.884	2.014e-52	179	1	224	25	252	VSP3_MACLB	Serine protease VLSP-3	Macrovipera lebetinus	other S1	(30, 40]
PRSS1_domain	J3RYA3	39.7	0.987	0.874	2.014e-52	179	1	221	25	253	VSP9_CROAD	Snake venom serine proteinase 9	Crotalus adamanteus	venom protease	(30, 40]
PRSS1_domain	P69526	37.8	0.996	0.221	2.014e-52	179	1	223	506	740	TMPS9_RAT	Transmembrane protease serine 9	Rattus norvegicus	other S1	(30, 40]
PRSS1_domain	P85109	40.1	0.996	0.97	2.756e-52	179	1	223	1	229	VSP1_GLOBR	Thrombin-like enzyme kangshuanmei	Gloydius brevicauda	venom protease	(40, 50]
PRSS1_domain	J3S832	39.4	1.0	0.883	2.756e-52	179	1	224	25	251	VSPB_CROAD	Snake venom serine proteinase 11	Crotalus adamanteus	venom protease	(30, 40]
PRSS1_domain	P39675	41.2	0.973	0.874	2.756e-52	179	1	218	30	257	DERP3_DERPT	Mite allergen Der p 3	Dermatophagoides pteronyssinus	other S1	(40, 50]
PRSS1_domain	P17538	42.0	0.996	0.875	2.756e-52	179	1	223	34	263	CTRB1_HUMAN	Chymotrypsinogen B	Homo sapiens	chymotrypsin-like	(40, 50]
PRSS1_domain	P35036	40.7	0.969	0.801	3.773e-52	179	1	217	51	272	TRY2_ANOGA	Trypsin-2	Anopheles gambiae	trypsin	(40, 50]
PRSS1_domain	U5YCR8	38.3	1.0	0.908	5.164e-52	178	1	224	18	244	VSP_BOTPC	Snake venom serine protease pictobin (Fragment)	Bothrops pictus	venom protease	(30, 40]
PRSS1_domain	Q71QJ1	39.2	1.0	0.883	5.164e-52	178	1	224	25	251	VSP09_TRIST	Snake venom serine protease KN9	Trimeresurus stejnegeri	venom protease	(30, 40]
PRSS1_domain	P49275	40.1	0.973	0.88	5.164e-52	178	1	218	28	255	DERF3_DERFA	Mite allergen Der f 3	Dermatophagoides farinae	other S1	(40, 50]
PRSS1_domain	Q9CR35	41.6	0.996	0.875	5.164e-52	178	1	223	34	263	CTRB1_MOUSE	Chymotrypsinogen B	Mus musculus	chymotrypsin-like	(40, 50]
PRSS1_domain	P35037	40.3	0.991	0.825	5.164e-52	178	1	222	49	275	TRY3_ANOGA	Trypsin-3	Anopheles gambiae	trypsin	(40, 50]
PRSS1_domain	Q9PTU8	38.5	1.0	0.884	7.069e-52	178	1	224	25	252	VSP3_BOTJA	Snake venom serine protease BPA	Bothrops jararaca	venom protease	(30, 40]
PRSS1_domain	P43685	41.5	0.973	0.996	9.675e-52	177	1	218	1	229	GILX_HELHO	Gilatoxin	Heloderma horridum horridum	other S1	(40, 50]
PRSS1_domain	Q9PSN3	38.4	0.996	0.974	9.675e-52	177	1	223	1	229	VSP2_AGKBI	Thrombin-like enzyme bilineobin	Agkistrodon bilineatus	venom protease	(30, 40]
PRSS1_domain	J3S833	38.6	1.0	0.884	9.675e-52	177	1	224	25	253	VSP2_CROAD	Snake venom serine proteinase 2	Crotalus adamanteus	venom protease	(30, 40]
PRSS1_domain	Q8UUK2	38.6	1.0	0.884	9.675e-52	177	1	224	25	253	VSPS1_CROAD	Snake venom serine proteinase Sp1	Crotalus adamanteus	venom protease	(30, 40]
PRSS1_domain	O13061	39.2	1.0	0.885	9.675e-52	177	1	224	25	254	VSPB_CRAGM	Snake venom serine protease 2B	Craspedocephalus gramineus	venom protease	(30, 40]
PRSS1_domain	A0A1I9KNP0	38.0	0.996	0.881	9.675e-52	177	1	223	25	253	VSPH1_VIPAA	Vaa serine proteinase homolog 1	Vipera ammodytes ammodytes	other S1	(30, 40]
PRSS1_domain	P16296	42.2	0.969	0.496	9.675e-52	177	1	217	228	456	FA9_RAT	Coagulation factor IX	Rattus norvegicus	coag/complement	(40, 50]
PRSS1_domain	Q71QI8	39.2	1.0	0.883	1.3239999999999999e-51	177	1	224	25	251	VSP10_TRIST	Snake venom serine protease KN10	Trimeresurus stejnegeri	venom protease	(30, 40]
PRSS1_domain	Q5W959	39.0	1.0	0.884	1.3239999999999999e-51	177	1	224	25	252	VSP14_BOTJA	Snake venom serine protease HS114	Bothrops jararaca	venom protease	(30, 40]
PRSS1_domain	Q9I8X2	38.2	1.0	0.885	1.3239999999999999e-51	177	1	224	25	254	VSP1_DEIAC	Thrombin-like enzyme acutobin	Deinagkistrodon acutus	venom protease	(30, 40]
PRSS1_domain	Q9DG83	40.4	1.0	0.885	1.3239999999999999e-51	177	1	224	25	254	VSP6_PROMU	Snake venom serine protease serpentokallikrein-1	Protobothrops mucrosquamatus	kallikrein	(40, 50]
PRSS1_domain	Q16651	37.7	0.982	0.703	1.3239999999999999e-51	177	1	220	45	285	PRSS8_HUMAN	Prostasin	Homo sapiens	other S1	(30, 40]
PRSS1_domain	Q9I8X0	37.4	1.0	0.883	1.8129999999999998e-51	177	1	224	25	251	VSP3_DEIAC	Snake venom serine protease Dav-KN	Deinagkistrodon acutus	venom protease	(30, 40]
PRSS1_domain	P33589	38.1	1.0	0.987	2.481e-51	176	1	224	1	225	VSPF_LACMU	Thrombin-like enzyme gyroxin analog	Lachesis muta muta	venom protease	(30, 40]
PRSS1_domain	Q5FBW2	34.5	1.0	0.9	2.481e-51	176	1	224	29	280	KLK1_BLABR	Blarinasin-1 (Fragment)	Blarina brevicauda	other S1	(30, 40]
PRSS1_domain	Q5FBW1	34.5	1.0	0.9	2.481e-51	176	1	224	29	280	KLK2_BLABR	Blarinasin-2 (Fragment)	Blarina brevicauda	other S1	(30, 40]
PRSS1_domain	Q58G94	37.7	0.996	0.971	3.396e-51	176	1	223	1	231	VSP21_CRODU	Thrombin-like enzyme gyroxin B2.1	Crotalus durissus terrificus	venom protease	(30, 40]
PRSS1_domain	Q71QH5	39.6	1.0	0.883	3.396e-51	176	1	224	25	251	VSP08_TRIST	Snake venom serine protease KN8	Trimeresurus stejnegeri	venom protease	(30, 40]
PRSS1_domain	Q9ESD1	37.6	0.987	0.708	3.396e-51	176	1	221	45	286	PRSS8_MOUSE	Prostasin	Mus musculus	other S1	(30, 40]
PRSS1_domain	O13058	40.4	1.0	0.883	4.6479999999999995e-51	175	1	224	25	251	VSP3_PROFL	Snake venom serine protease 3	Protobothrops flavoviridis	venom protease	(40, 50]
PRSS1_domain	E5AJX2	36.1	1.0	0.883	4.6479999999999995e-51	175	1	224	25	251	VSP_VIPNI	Snake venom serine protease nikobin	Vipera nikolskii	venom protease	(30, 40]
PRSS1_domain	B0FXM1	37.7	0.996	0.882	4.6479999999999995e-51	175	1	223	25	255	VSP13_CRODU	Thrombin-like enzyme gyroxin B1.3	Crotalus durissus terrificus	venom protease	(30, 40]
PRSS1_domain	Q6GPI1	41.6	0.996	0.875	4.6479999999999995e-51	175	1	223	34	263	CTRB2_HUMAN	Chymotrypsinogen B2	Homo sapiens	chymotrypsin-like	(40, 50]
PRSS1_domain	B5U6Y3	39.7	1.0	0.884	6.361999999999999e-51	175	1	224	25	252	VSP_ECHOC	Serine protease sp-Eoc49	Echis ocellatus	other S1	(30, 40]
PRSS1_domain	Q71QJ2	37.3	1.0	0.885	6.361999999999999e-51	175	1	224	25	254	VSP06_TRIST	Snake venom serine protease KN6	Trimeresurus stejnegeri	venom protease	(30, 40]
PRSS1_domain	F8S114	38.8	0.987	0.874	6.361999999999999e-51	175	1	221	25	253	VSPCR_CROAD	Thrombin-like enzyme crotalase	Crotalus adamanteus	venom protease	(30, 40]
PRSS1_domain	J3S3W5	38.8	0.987	0.874	6.361999999999999e-51	175	1	221	25	253	VSP1_CROAD	Snake venom serine proteinase 1	Crotalus adamanteus	venom protease	(30, 40]
PRSS1_domain	O42207	38.5	1.0	0.884	8.707e-51	175	1	224	25	252	VSPE2_GLOUS	Thrombin-like enzyme CPI-enzyme 2	Gloydius ussuriensis	venom protease	(30, 40]
PRSS1_domain	Q71QH9	37.3	1.0	0.885	8.707e-51	175	1	224	25	254	VSP14_TRIST	Snake venom serine protease KN14	Trimeresurus stejnegeri	venom protease	(30, 40]
PRSS1_domain	A7LAC6	38.8	1.0	0.885	8.707e-51	175	1	224	25	254	VSP1_TRIAB	Thrombin-like enzyme 1	Trimeresurus albolabris	venom protease	(30, 40]
PRSS1_domain	P16294	41.8	0.969	0.486	8.707e-51	175	1	217	237	465	FA9_MOUSE	Coagulation factor IX	Mus musculus	coag/complement	(40, 50]
PRSS1_domain	P0DJF6	40.1	0.996	0.88	1.192e-50	174	1	223	25	251	VSPC_TRIAB	Thrombin-like enzyme chitribrisin	Trimeresurus albolabris	venom protease	(40, 50]
PRSS1_domain	P18965	37.1	0.996	0.881	1.192e-50	174	1	223	25	253	VSPG_DABSI	Factor V activator RVV-V gamma	Daboia siamensis	coag/complement	(30, 40]
PRSS1_domain	Q8AY81	37.9	1.0	0.885	1.192e-50	174	1	224	25	254	VSPST_TRIST	Thrombin-like enzyme stejnobin	Trimeresurus stejnegeri	venom protease	(30, 40]
PRSS1_domain	O97370	38.3	0.964	0.866	1.631e-50	174	1	216	30	255	EURM3_EURMA	Mite allergen Eur m 3	Euroglyphus maynei	other S1	(30, 40]
PRSS1_domain	P0DJ86	36.7	0.996	0.974	2.232e-50	173	1	223	1	225	VSPL_BOTLC	Thrombin-like enzyme leucurobin	Bothrops leucurus	venom protease	(30, 40]
PRSS1_domain	Q802F0	38.1	1.0	0.884	2.232e-50	173	1	224	25	252	VSPP1_GLOHA	Snake venom serine protease PTLE1	Gloydius halys	venom protease	(30, 40]
PRSS1_domain	B0FXM3	37.1	1.0	0.884	2.232e-50	173	1	224	25	253	VSP17_CRODU	Thrombin-like enzyme gyroxin B1.7	Crotalus durissus terrificus	venom protease	(30, 40]
PRSS1_domain	Q6H321	37.5	1.0	0.908	2.232e-50	173	1	224	25	261	KLK2_HORSE	Kallikrein-1E2	Equus caballus	kallikrein	(30, 40]
PRSS1_domain	P35035	38.4	0.969	0.81	2.232e-50	173	1	217	48	269	TRY1_ANOGA	Trypsin-1	Anopheles gambiae	trypsin	(30, 40]
PRSS1_domain	P00740	42.4	0.969	0.497	2.232e-50	173	1	217	227	455	FA9_HUMAN	Coagulation factor IX	Homo sapiens	coag/complement	(40, 50]
PRSS1_domain	A0A0S4FKT4	37.2	0.996	0.971	3.055e-50	173	1	223	1	231	VSP1_CRODU	Thrombin-like enzyme collinein-1	Crotalus durissus terrificus	venom protease	(30, 40]
PRSS1_domain	Q9PT40	37.2	0.996	0.881	3.055e-50	173	1	223	25	253	VSPH2_MACLB	Snake venom serine protease homolog 2	Macrovipera lebetinus	venom protease	(30, 40]
PRSS1_domain	P07338	40.1	0.996	0.875	3.055e-50	173	1	223	34	263	CTRB1_RAT	Chymotrypsinogen B	Rattus norvegicus	chymotrypsin-like	(40, 50]
PRSS1_domain	D8MIA0	36.9	1.0	0.888	4.181e-50	173	1	224	24	253	VSPH2_BITRH	Snake venom serine protease homolog rhinocerase 2 (Fragment)	Bitis rhinoceros	venom protease	(30, 40]
PRSS1_domain	Q6T6S7	36.9	1.0	0.885	4.181e-50	173	1	224	25	254	VSPH1_BITGA	Snake venom serine protease homolog 1	Bitis gabonica	venom protease	(30, 40]
PRSS1_domain	Q71QI4	36.9	1.0	0.885	4.181e-50	173	1	224	25	254	VSP05_TRIST	Snake venom serine protease KN5	Trimeresurus stejnegeri	venom protease	(30, 40]
PRSS1_domain	Q95ND7	42.4	0.969	0.497	4.181e-50	173	1	217	227	455	FA9_PANTR	Coagulation factor IX	Pan troglodytes	coag/complement	(40, 50]
PRSS1_domain	P80646	40.3	0.996	0.939	5.723e-50	172	1	223	16	245	CTRB_GADMO	Chymotrypsin B	Gadus morhua	chymotrypsin-like	(40, 50]
PRSS1_domain	P35038	39.4	0.978	0.815	7.832e-50	172	1	219	49	272	TRY4_ANOGA	Trypsin-4	Anopheles gambiae	trypsin	(30, 40]
PRSS1_domain	K4LLQ2	35.8	1.0	0.912	1.072e-49	171	1	224	17	243	VSP_BOTBA	Thrombin-like enzyme barnettobin (Fragment)	Bothrops barnetti	venom protease	(30, 40]
PRSS1_domain	B0FXM2	36.8	1.0	0.885	1.072e-49	171	1	224	25	256	VSP14_CRODU	Thrombin-like enzyme gyroxin B1.4	Crotalus durissus terrificus	venom protease	(30, 40]
PRSS1_domain	P35041	39.6	0.969	0.828	1.072e-49	171	1	217	42	262	TRY7_ANOGA	Trypsin-7	Anopheles gambiae	trypsin	(30, 40]
PRSS1_domain	P19540	41.5	0.969	0.507	1.072e-49	171	1	217	218	446	FA9_CANLF	Coagulation factor IX	Canis lupus familiaris	coag/complement	(40, 50]
PRSS1_domain	Q9Z0M1	39.2	0.996	0.878	2.008e-49	171	1	223	32	255	KLK4_MOUSE	Kallikrein-4	Mus musculus	kallikrein	(30, 40]
PRSS1_domain	D8MIA1	37.3	1.0	0.888	2.008e-49	171	1	224	24	253	VSPH3_BITRH	Snake venom serine protease homolog rhinocerase 3 (Fragment)	Bitis rhinoceros	venom protease	(30, 40]
PRSS1_domain	Q71QI3	36.6	1.0	0.883	2.747e-49	170	1	224	25	251	VSP5_TRIST	Snake venom serine protease CL5	Trimeresurus stejnegeri	venom protease	(30, 40]
PRSS1_domain	Q9I8W9	36.7	1.0	0.885	2.747e-49	170	1	224	25	254	VSP4_DEIAC	Snake venom serine protease Dav-X	Deinagkistrodon acutus	venom protease	(30, 40]
PRSS1_domain	Q71QI2	39.1	1.0	0.884	3.76e-49	170	1	224	25	252	VSP2_TRIST	Snake venom serine protease CL2	Trimeresurus stejnegeri	venom protease	(30, 40]
PRSS1_domain	E0Y418	36.9	1.0	0.885	5.145e-49	169	1	224	25	254	VSP1_MACLB	Serine protease VLSP-1	Macrovipera lebetinus	other S1	(30, 40]
PRSS1_domain	P29786	39.8	0.969	0.874	7.042e-49	169	1	217	28	249	TRY3_AEDAE	Trypsin 3A1	Aedes aegypti	trypsin	(30, 40]
PRSS1_domain	Q2KJ63	40.0	0.964	0.363	7.042e-49	169	1	216	392	622	KLKB1_BOVIN	Plasma kallikrein	Bos taurus	kallikrein	(30, 40]
PRSS1_domain	P15950	43.8	0.786	0.979	1.319e-48	168	48	223	4	187	KLK3_RAT	Glandular kallikrein-3, submandibular (Fragment)	Rattus norvegicus	kallikrein	(40, 50]
PRSS1_domain	D8MIA3	37.0	1.0	0.888	1.319e-48	168	1	224	24	253	VSPR5_BITRH	Snake venom serine protease rhinocerase 5 (Fragment)	Bitis rhinoceros	venom protease	(30, 40]
PRSS1_domain	A7LAC7	37.5	1.0	0.885	1.319e-48	168	1	224	25	254	VSP2_TRIAB	Thrombin-like enzyme 2	Trimeresurus albolabris	venom protease	(30, 40]
PRSS1_domain	P83748	40.6	0.996	0.799	1.319e-48	168	1	223	31	273	PRS30_RAT	Serine protease 30	Rattus norvegicus	other S1	(40, 50]
PRSS1_domain	P06868	42.6	0.996	0.284	1.805e-48	168	1	223	577	805	PLMN_BOVIN	Plasminogen	Bos taurus	coag/complement	(40, 50]
PRSS1_domain	P04071	37.1	1.0	0.908	3.379e-48	167	1	224	25	261	K1B16_MOUSE	Kallikrein 1-related peptidase b16	Mus musculus	kallikrein	(30, 40]
PRSS1_domain	P00767	39.0	0.996	0.939	4.624e-48	167	1	223	16	245	CTRB_BOVIN	Chymotrypsinogen B	Bos taurus	chymotrypsin-like	(30, 40]
PRSS1_domain	P35048	41.3	0.92	0.87	4.624e-48	167	1	206	31	245	TRYP_SIMVI	Trypsin (Fragment)	Simulium vittatum	trypsin	(40, 50]
PRSS1_domain	Q6SA95	41.5	0.969	0.491	4.624e-48	167	1	217	232	460	FA9_FELCA	Coagulation factor IX	Felis catus	coag/complement	(40, 50]
PRSS1_domain	P80219	41.7	0.982	0.888	8.659e-48	166	1	220	20	242	DDN1_BOVIN	Duodenase-1	Bos taurus	other S1	(40, 50]
PRSS1_domain	P54625	38.9	0.973	0.874	8.659e-48	166	1	218	31	251	TRYB_DROER	Trypsin beta	Drosophila erecta	trypsin	(30, 40]
PRSS1_domain	P00747	41.8	0.996	0.284	8.659e-48	166	1	223	581	810	PLMN_HUMAN	Plasminogen	Homo sapiens	coag/complement	(40, 50]
PRSS1_domain	A0A182C2Z2	39.5	0.973	0.154	8.659e-48	166	1	218	36	277	OVCH_HALRO	Ovochymase	Halocynthia roretzi	chymotrypsin-like	(30, 40]
PRSS1_domain	P35044	41.0	0.964	0.855	1.621e-47	165	1	216	31	248	TRYA4_LUCCU	Trypsin alpha-4	Lucilia cuprina	trypsin	(40, 50]
PRSS1_domain	P40313	39.9	0.996	0.875	1.621e-47	165	1	223	34	264	CTRL_HUMAN	Chymotrypsin-like protease CTRL-1	Homo sapiens	chymotrypsin-like	(30, 40]
PRSS1_domain	P16295	41.0	0.96	0.796	1.621e-47	165	1	215	59	285	FA9_CAVPO	Coagulation factor IX (Fragment)	Cavia porcellus	coag/complement	(40, 50]
PRSS1_domain	P16292	42.4	0.969	0.496	1.621e-47	165	1	217	228	456	FA9_RABIT	Coagulation factor IX	Oryctolagus cuniculus	coag/complement	(40, 50]
PRSS1_domain	P80009	41.9	0.996	0.283	1.621e-47	165	1	223	583	812	PLMN_CANLF	Plasminogen	Canis lupus familiaris	coag/complement	(40, 50]
PRSS1_domain	D3ZTE0	37.4	0.987	0.405	2.2179999999999996e-47	165	1	221	354	594	FA12_RAT	Coagulation factor XII	Rattus norvegicus	coag/complement	(30, 40]
PRSS1_domain	Q5R8X6	41.8	0.996	0.284	3.0359999999999995e-47	164	1	223	581	810	PLMN_PONAB	Plasminogen	Pongo abelii	coag/complement	(40, 50]
PRSS1_domain	G2X668	39.7	0.933	0.844	4.154e-47	164	1	209	30	245	VTP1_VERDV	Secreted trypsin protease VTP1	Verticillium dahliae (strain VdLs.17 / ATCC MYA-4575 / FGSC 10137)	trypsin	(30, 40]
PRSS1_domain	Q9JIQ8	40.8	1.0	0.484	4.154e-47	164	1	224	254	490	TMPS2_MOUSE	Transmembrane protease serine 2	Mus musculus	other S1	(40, 50]
PRSS1_domain	Q91Y47	39.7	0.964	0.365	4.154e-47	164	1	216	390	617	FA11_MOUSE	Coagulation factor XI	Mus musculus	coag/complement	(30, 40]
PRSS1_domain	P00741	40.7	0.969	0.496	5.682999999999999e-47	164	1	217	228	456	FA9_BOVIN	Coagulation factor IX	Bos taurus	coag/complement	(40, 50]
PRSS1_domain	Q0IIH7	39.5	0.982	0.28	7.776e-47	163	1	220	615	853	ST14_BOVIN	Suppressor of tumorigenicity 14 protein homolog	Bos taurus	other S1	(30, 40]
PRSS1_domain	P35039	38.4	0.978	0.818	1.064e-46	163	1	219	48	271	TRY5_ANOGA	Trypsin-5	Anopheles gambiae	trypsin	(30, 40]
PRSS1_domain	Q9QYZ9	38.6	0.996	0.784	1.064e-46	163	1	223	37	279	PRS30_MOUSE	Serine protease 30	Mus musculus	other S1	(30, 40]
PRSS1_domain	P16293	42.6	0.96	0.555	1.064e-46	163	1	215	183	409	FA9_PIG	Coagulation factor IX (Fragment)	Sus scrofa	coag/complement	(40, 50]
PRSS1_domain	P03952	39.2	0.964	0.362	1.064e-46	163	1	216	391	621	KLKB1_HUMAN	Plasma kallikrein	Homo sapiens	kallikrein	(30, 40]
PRSS1_domain	P00746	36.7	0.987	0.901	1.4560000000000001e-46	162	1	221	26	253	CFAD_HUMAN	Complement factor D	Homo sapiens	coag/complement	(30, 40]
PRSS1_domain	Q9R098	39.0	0.982	0.364	1.4560000000000001e-46	162	1	220	406	643	HGFA_MOUSE	Hepatocyte growth factor activator serine protease	Mus musculus	coag/complement	(30, 40]
PRSS1_domain	P04814	39.6	1.0	0.879	1.992e-46	162	1	224	31	255	TRYA_DROME	Trypsin alpha	Drosophila melanogaster	trypsin	(30, 40]
PRSS1_domain	P54624	40.0	1.0	0.879	2.725e-46	162	1	224	31	255	TRYA_DROER	Trypsin alpha	Drosophila erecta	trypsin	(30, 40]
PRSS1_domain	P51779	37.0	0.987	0.88	2.725e-46	162	1	221	27	254	CFAD_PIG	Complement factor D	Sus scrofa	coag/complement	(30, 40]
PRSS1_domain	P80931	38.6	0.982	0.91	3.729e-46	161	1	220	20	242	MCT1A_SHEEP	Mast cell protease 1A	Ovis aries	other S1	(30, 40]
PRSS1_domain	C0HKA5	37.9	0.964	0.866	3.729e-46	161	1	216	31	249	TRYDT_DROER	Trypsin delta	Drosophila erecta	trypsin	(30, 40]
PRSS1_domain	C0HKA6	37.9	0.964	0.866	3.729e-46	161	1	216	31	249	TRYGT_DROER	Trypsin gamma	Drosophila erecta	trypsin	(30, 40]
PRSS1_domain	D8MIA2	37.5	1.0	0.887	3.729e-46	161	1	224	24	251	VSPR4_BITRH	Snake venom serine protease rhinocerase 4 (Fragment)	Bitis rhinoceros	venom protease	(30, 40]
PRSS1_domain	Q8JH85	39.0	1.0	0.884	5.102e-46	161	1	224	25	252	VSPA_MACLB	Alpha-fibrinogenase	Macrovipera lebetinus	venom protease	(30, 40]
PRSS1_domain	P06867	41.4	0.996	0.284	5.102e-46	161	1	223	580	809	PLMN_PIG	Plasminogen	Sus scrofa	coag/complement	(40, 50]
PRSS1_domain	Q9Y5Y6	41.5	0.969	0.276	5.102e-46	161	1	217	615	850	ST14_HUMAN	Suppressor of tumorigenicity 14 protein	Homo sapiens	other S1	(40, 50]
PRSS1_domain	P27435	39.3	0.964	0.868	6.98e-46	160	1	216	29	265	TRYB1_RAT	Tryptase	Rattus norvegicus	tryptase	(30, 40]
PRSS1_domain	O88947	36.7	0.991	0.486	6.98e-46	160	1	222	232	465	FA10_MOUSE	Coagulation factor X	Mus musculus	coag/complement	(30, 40]
PRSS1_domain	Q6QNF4	37.3	0.982	0.364	6.98e-46	160	1	220	407	644	HGFA_CANLF	Hepatocyte growth factor activator serine proteases	Canis lupus familiaris	coag/complement	(30, 40]
PRSS1_domain	Q01177	41.2	0.969	0.277	6.98e-46	160	1	217	582	806	PLMN_RAT	Plasminogen	Rattus norvegicus	coag/complement	(40, 50]
PRSS1_domain	P56677	39.4	0.969	0.276	6.98e-46	160	1	217	615	850	ST14_MOUSE	Suppressor of tumorigenicity 14 protein homolog	Mus musculus	other S1	(30, 40]
PRSS1_domain	Q9BQR3	36.4	0.982	0.834	9.549000000000001e-46	160	1	220	35	276	PRS27_HUMAN	Serine protease 27	Homo sapiens	other S1	(30, 40]
PRSS1_domain	Q9H3S3	37.1	0.978	0.512	9.549000000000001e-46	160	1	219	218	451	TMPS5_HUMAN	Transmembrane protease serine 5	Homo sapiens	other S1	(30, 40]
PRSS1_domain	P12545	40.5	0.996	0.284	9.549000000000001e-46	160	1	223	581	810	PLMN_MACMU	Plasminogen	Macaca mulatta	coag/complement	(40, 50]
PRSS1_domain	P35004	38.0	0.973	0.874	1.306e-45	160	1	218	31	251	TRYB_DROME	Trypsin beta	Drosophila melanogaster	trypsin	(30, 40]
PRSS1_domain	P21845	39.2	1.0	0.888	1.306e-45	160	1	224	32	276	TRYB2_MOUSE	Tryptase beta-2	Mus musculus	tryptase	(30, 40]
PRSS1_domain	Q80WM7	36.5	0.969	0.863	1.306e-45	160	1	217	34	272	PRS33_MOUSE	Serine protease 33	Mus musculus	other S1	(30, 40]
PRSS1_domain	P00743	37.2	1.0	0.48	1.306e-45	160	1	224	234	469	FA10_BOVIN	Coagulation factor X	Bos taurus	coag/complement	(30, 40]
PRSS1_domain	Q9ER04	38.7	0.982	0.516	2.445e-45	159	1	220	218	452	TMPS5_MOUSE	Transmembrane protease serine 5	Mus musculus	other S1	(30, 40]
PRSS1_domain	P16291	39.9	0.969	0.496	2.445e-45	159	1	217	228	456	FA9_SHEEP	Coagulation factor IX	Ovis aries	coag/complement	(30, 40]
PRSS1_domain	Q80YC5	36.7	0.991	0.407	2.445e-45	159	1	222	355	597	FA12_MOUSE	Coagulation factor XII	Mus musculus	coag/complement	(30, 40]
PRSS1_domain	P36178	37.3	0.969	0.808	3.345e-45	158	1	217	46	264	CTRB2_PENVA	Chymotrypsin BII	Penaeus vannamei	chymotrypsin-like	(30, 40]
PRSS1_domain	Q04962	36.4	0.991	0.406	3.345e-45	158	1	222	359	603	FA12_CAVPO	Coagulation factor XII (Fragment)	Cavia porcellus	coag/complement	(30, 40]
PRSS1_domain	Q7M323	41.7	0.982	0.281	3.345e-45	158	1	220	580	806	PLMN_CAPHI	Plasminogen	Capra hircus	coag/complement	(40, 50]
PRSS1_domain	Q3T0A3	36.7	0.987	0.88	4.577e-45	158	1	221	27	254	CFAD_BOVIN	Complement factor D	Bos taurus	coag/complement	(30, 40]
PRSS1_domain	Q8K1T0	40.5	0.964	0.501	4.577e-45	158	1	216	217	443	TMPS3_MOUSE	Transmembrane protease serine 3	Mus musculus	other S1	(40, 50]
PRSS1_domain	O19045	35.9	1.0	0.482	4.577e-45	158	1	224	233	468	FA10_RABIT	Coagulation factor X	Oryctolagus cuniculus	coag/complement	(30, 40]
PRSS1_domain	E5L0E3	36.4	1.0	0.884	6.261e-45	158	1	224	25	252	VSPAF_DABSI	Alpha-fibrinogenase-like	Daboia siamensis	venom protease	(30, 40]
PRSS1_domain	Q00871	36.4	0.969	0.808	6.261e-45	158	1	217	46	264	CTRB1_PENVA	Chymotrypsin BI	Penaeus vannamei	chymotrypsin-like	(30, 40]
PRSS1_domain	P57727	39.6	0.964	0.502	6.261e-45	158	1	216	217	444	TMPS3_HUMAN	Transmembrane protease serine 3	Homo sapiens	other S1	(30, 40]
PRSS1_domain	Q28153	38.0	0.996	0.902	8.565e-45	157	1	223	27	266	CELA1_BOVIN	Chymotrypsin-like elastase family member 1	Bos taurus	elastase	(30, 40]
PRSS1_domain	Q9ER10	35.1	0.982	0.782	8.565e-45	157	1	220	50	289	BSSP4_MOUSE	Brain-specific serine protease 4	Mus musculus	other S1	(30, 40]
PRSS1_domain	Q8BJR6	35.2	0.982	0.738	8.565e-45	157	1	220	38	279	PRS27_MOUSE	Serine protease 27	Mus musculus	other S1	(30, 40]
PRSS1_domain	P14272	37.2	0.996	0.373	8.565e-45	157	1	223	391	628	KLKB1_RAT	Plasma kallikrein	Rattus norvegicus	kallikrein	(30, 40]
PRSS1_domain	Q02844	39.3	0.982	0.883	1.1719999999999999e-44	157	1	220	29	269	TRYB1_MOUSE	Tryptase	Mus musculus	tryptase	(30, 40]
PRSS1_domain	P35040	36.0	0.978	0.821	1.1719999999999999e-44	157	1	219	47	270	TRY6_ANOGA	Trypsin-6	Anopheles gambiae	trypsin	(30, 40]
PRSS1_domain	P00748	36.3	0.969	0.387	1.1719999999999999e-44	157	1	217	373	610	FA12_HUMAN	Coagulation factor XII	Homo sapiens	coag/complement	(30, 40]
PRSS1_domain	P81286	41.7	0.982	0.281	1.1719999999999999e-44	157	1	220	580	806	PLMN_SHEEP	Plasminogen	Ovis aries	coag/complement	(40, 50]
PRSS1_domain	Q5G270	38.5	0.973	0.275	1.1719999999999999e-44	157	1	218	632	872	NETR_GORGO	Neurotrypsin	Gorilla gorilla gorilla	neurotrypsin	(30, 40]
PRSS1_domain	Q8IYP2	37.0	0.942	0.884	1.6029999999999999e-44	156	13	223	29	241	PRS58_HUMAN	Serine protease 58	Homo sapiens	other S1	(30, 40]
PRSS1_domain	C0HKA2	37.9	0.964	0.866	1.6029999999999999e-44	156	1	216	31	249	TRYDT_DROME	Trypsin delta	Drosophila melanogaster	trypsin	(30, 40]
PRSS1_domain	C0HKA3	37.9	0.964	0.866	1.6029999999999999e-44	156	1	216	31	249	TRYGT_DROME	Trypsin gamma	Drosophila melanogaster	trypsin	(30, 40]
PRSS1_domain	C0HKA4	37.9	0.964	0.866	1.6029999999999999e-44	156	1	216	31	249	Y0031_DROME	Trypsin delta/gamma-like protein CG30031	Drosophila melanogaster	trypsin	(30, 40]
PRSS1_domain	Q9N2D1	38.0	1.0	0.891	1.6029999999999999e-44	156	1	224	31	275	TRYT_PIG	Tryptase	Sus scrofa	tryptase	(30, 40]
PRSS1_domain	Q15661	38.3	0.982	0.876	1.6029999999999999e-44	156	1	220	31	271	TRYB1_HUMAN	Tryptase alpha/beta-1	Homo sapiens	tryptase	(30, 40]
PRSS1_domain	Q804X6	38.6	0.978	0.493	1.6029999999999999e-44	156	1	219	236	467	FA9_CHICK	Coagulation factor IX	Gallus gallus	coag/complement	(30, 40]
PRSS1_domain	P20918	40.8	0.996	0.284	1.6029999999999999e-44	156	1	223	582	812	PLMN_MOUSE	Plasminogen	Mus musculus	coag/complement	(40, 50]
PRSS1_domain	P32038	35.4	0.996	0.878	2.193e-44	156	1	223	26	256	CFAD_RAT	Complement factor D	Rattus norvegicus	coag/complement	(30, 40]
PRSS1_domain	P20231	37.9	0.982	0.876	2.193e-44	156	1	220	31	271	TRYB2_HUMAN	Tryptase beta-2	Homo sapiens	tryptase	(30, 40]
PRSS1_domain	Q8VIF2	39.3	0.964	0.693	2.193e-44	156	1	216	79	310	PRS42_MOUSE	Serine protease 42	Mus musculus	other S1	(30, 40]
PRSS1_domain	P98139	38.5	0.964	0.529	2.193e-44	156	1	216	192	426	FA7_RABIT	Coagulation factor VII	Oryctolagus cuniculus	coag/complement	(30, 40]
PRSS1_domain	P48740	34.5	0.969	0.349	2.193e-44	156	1	217	449	692	MASP1_HUMAN	Mannan-binding lectin serine protease 1	Homo sapiens	other S1	(30, 40]
PRSS1_domain	Q5G268	38.1	0.973	0.275	2.193e-44	156	1	218	631	871	NETR_NOMLE	Neurotrypsin	Nomascus leucogenys	neurotrypsin	(30, 40]
PRSS1_domain	P18291	38.5	0.982	0.907	4.103e-44	155	1	220	21	245	GRAB_RAT	Granzyme B	Rattus norvegicus	other S1	(30, 40]
PRSS1_domain	Q06605	39.1	0.982	0.907	4.103e-44	155	1	220	21	245	GRZ1_RAT	Granzyme-like protein 1	Rattus norvegicus	other S1	(30, 40]
PRSS1_domain	O46683	37.8	0.982	0.888	4.103e-44	155	1	220	20	242	MCPT3_SHEEP	Mast cell protease 3	Ovis aries	other S1	(30, 40]
PRSS1_domain	P00774	37.6	0.996	0.889	4.103e-44	155	1	223	31	271	CEL2A_RAT	Chymotrypsin-like elastase family member 2A	Rattus norvegicus	elastase	(30, 40]
PRSS1_domain	O60235	38.0	0.969	0.543	4.103e-44	155	1	217	187	413	TM11D_HUMAN	Transmembrane protease serine 11D	Homo sapiens	other S1	(30, 40]
PRSS1_domain	Q29485	40.0	0.991	0.281	4.103e-44	155	2	223	583	810	PLMN_ERIEU	Plasminogen	Erinaceus europaeus	coag/complement	(30, 40]
PRSS1_domain	Q5G266	37.7	0.973	0.275	4.103e-44	155	1	218	631	871	NETR_TRAPH	Neurotrypsin	Trachypithecus phayrei	neurotrypsin	(30, 40]
PRSS1_domain	Q5G267	37.7	0.973	0.275	4.103e-44	155	1	218	631	871	NETR_MACMU	Neurotrypsin	Macaca mulatta	neurotrypsin	(30, 40]
PRSS1_domain	Q7RTY7	38.2	0.982	0.209	4.103e-44	155	1	220	575	811	OVCH1_HUMAN	Ovochymase-1	Homo sapiens	chymotrypsin-like	(30, 40]
PRSS1_domain	P35005	36.1	0.978	0.867	7.677999999999999e-44	154	1	219	31	252	TRYE_DROME	Trypsin epsilon	Drosophila melanogaster	trypsin	(30, 40]
PRSS1_domain	P50342	40.1	0.964	0.878	7.677999999999999e-44	154	1	216	26	262	TRYT_MERUN	Mast cell tryptase	Meriones unguiculatus	tryptase	(40, 50]
PRSS1_domain	Q9GZN4	34.7	0.982	0.757	7.677999999999999e-44	154	1	220	50	289	BSSP4_HUMAN	Brain-specific serine protease 4	Homo sapiens	other S1	(30, 40]
PRSS1_domain	O35453	37.3	1.0	0.564	7.677999999999999e-44	154	1	224	182	427	HEPS_MOUSE	Serine protease hepsin	Mus musculus	other S1	(30, 40]
PRSS1_domain	O97507	36.6	0.969	0.39	7.677999999999999e-44	154	1	217	372	611	FA12_PIG	Coagulation factor XII	Sus scrofa	coag/complement	(30, 40]
PRSS1_domain	O18783	38.7	0.996	0.285	7.677999999999999e-44	154	1	223	577	806	PLMN_NOTEU	Plasminogen	Notamacropus eugenii	coag/complement	(30, 40]
PRSS1_domain	P49864	38.1	1.0	0.895	1.05e-43	154	1	224	26	256	GRAK_RAT	Granzyme K	Rattus norvegicus	other S1	(30, 40]
PRSS1_domain	Q8BIK6	36.3	0.964	0.277	1.05e-43	154	1	216	592	821	TMPS7_MOUSE	Transmembrane protease serine 7	Mus musculus	other S1	(30, 40]
PRSS1_domain	P56730	38.1	0.973	0.275	1.05e-43	154	1	218	631	871	NETR_HUMAN	Neurotrypsin	Homo sapiens	neurotrypsin	(30, 40]
PRSS1_domain	Q6BEA2	34.4	0.982	0.738	1.437e-43	154	1	220	38	279	PRS27_RAT	Serine protease 27	Rattus norvegicus	other S1	(30, 40]
PRSS1_domain	Q6UWB4	34.4	0.969	0.651	1.437e-43	154	1	217	68	296	PRS55_HUMAN	Serine protease 55	Homo sapiens	other S1	(30, 40]
PRSS1_domain	Q63207	35.5	0.991	0.488	1.437e-43	154	1	222	232	466	FA10_RAT	Coagulation factor X	Rattus norvegicus	coag/complement	(30, 40]
PRSS1_domain	P00742	35.7	0.982	0.475	1.437e-43	154	1	220	235	466	FA10_HUMAN	Coagulation factor X	Homo sapiens	coag/complement	(30, 40]
PRSS1_domain	Q05319	36.6	0.964	0.304	1.437e-43	154	1	216	544	782	STUB_DROME	Serine proteinase stubble	Drosophila melanogaster	other S1	(30, 40]
PRSS1_domain	Q5G269	37.7	0.973	0.275	1.437e-43	154	1	218	633	873	NETR_PONPY	Neurotrypsin	Pongo pygmaeus	neurotrypsin	(30, 40]
PRSS1_domain	Q32LI2	36.2	0.942	0.884	1.965e-43	153	13	223	29	242	PRS58_BOVIN	Probable inactive serine protease 58	Bos taurus	other S1	(30, 40]
PRSS1_domain	P54627	35.2	0.978	0.867	1.965e-43	153	1	219	31	252	TRYE_DROER	Trypsin epsilon	Drosophila erecta	trypsin	(30, 40]
PRSS1_domain	Q9D9M0	37.3	0.987	0.723	1.965e-43	153	1	221	56	287	PRS52_MOUSE	Serine protease 52	Mus musculus	other S1	(30, 40]
PRSS1_domain	Q6L711	37.6	0.982	0.432	1.965e-43	153	1	220	312	552	HABP2_RAT	Factor VII-activating protease	Rattus norvegicus	coag/complement	(30, 40]
PRSS1_domain	P51588	38.9	0.978	0.882	2.688e-43	153	1	219	27	250	TRYP_SARBU	Trypsin	Sarcophaga bullata	trypsin	(30, 40]
PRSS1_domain	P08311	37.0	0.982	0.871	2.688e-43	153	1	220	21	242	CATG_HUMAN	Cathepsin G	Homo sapiens	other S1	(30, 40]
PRSS1_domain	O97399	37.7	0.964	0.864	2.688e-43	153	1	216	30	252	TRYP_PHACE	Trypsin	Phaedon cochleariae	trypsin	(30, 40]
PRSS1_domain	P05981	36.8	1.0	0.59	2.688e-43	153	1	224	163	408	HEPS_HUMAN	Serine protease hepsin	Homo sapiens	other S1	(30, 40]
PRSS1_domain	Q5R5E8	36.5	1.0	0.59	2.688e-43	153	1	224	163	408	HEPS_PONAB	Serine protease hepsin	Pongo abelii	other S1	(30, 40]
PRSS1_domain	Q9UNI1	38.4	0.996	0.93	3.676e-43	153	1	223	19	258	CELA1_HUMAN	Chymotrypsin-like elastase family member 1	Homo sapiens	elastase	(30, 40]
PRSS1_domain	Q91X79	36.7	0.996	0.902	3.676e-43	153	1	223	27	266	CELA1_MOUSE	Chymotrypsin-like elastase family member 1	Mus musculus	elastase	(30, 40]
PRSS1_domain	Q8NF86	35.2	0.987	0.868	3.676e-43	153	1	221	37	279	PRS33_HUMAN	Serine protease 33	Homo sapiens	other S1	(30, 40]
PRSS1_domain	Q14B24	36.3	1.0	0.82	3.676e-43	153	1	224	40	272	PRS57_MOUSE	Serine protease 57	Mus musculus	other S1	(30, 40]
PRSS1_domain	C6ZDB5	37.5	0.969	0.789	3.676e-43	153	1	217	34	258	TYRP3_TYRPU	Trypsin Tyr p 3.0101	Tyrophagus putrescentiae	trypsin	(30, 40]
PRSS1_domain	Q6IE59	34.7	0.996	0.835	5.028e-43	152	1	223	34	265	PRS57_RAT	Serine protease 57	Rattus norvegicus	other S1	(30, 40]
PRSS1_domain	P25155	36.9	0.982	0.488	5.028e-43	152	1	220	241	472	FA10_CHICK	Coagulation factor X	Gallus gallus	coag/complement	(30, 40]
PRSS1_domain	Q04756	36.8	0.982	0.363	5.028e-43	152	1	220	408	645	HGFA_HUMAN	Hepatocyte growth factor activator serine protease	Homo sapiens	coag/complement	(30, 40]
PRSS1_domain	P49863	36.6	0.982	0.879	6.878e-43	152	1	220	27	258	GRAK_HUMAN	Granzyme K	Homo sapiens	other S1	(30, 40]
PRSS1_domain	Q05511	36.5	1.0	0.591	6.878e-43	152	1	224	162	407	HEPS_RAT	Serine protease hepsin	Rattus norvegicus	other S1	(30, 40]
PRSS1_domain	Q1JRP2	37.5	0.964	0.524	6.878e-43	152	1	216	200	425	TM11C_MOUSE	Transmembrane protease serine 11C	Mus musculus	other S1	(30, 40]
PRSS1_domain	Q8VCA5	36.8	0.973	0.522	6.878e-43	152	1	218	203	429	TMPS4_MOUSE	Transmembrane protease serine 4	Mus musculus	other S1	(30, 40]
PRSS1_domain	B8V7S0	38.6	0.987	0.545	6.878e-43	152	1	221	25	261	CPP1_ACRMI	CUB and peptidase domain-containing protein 1 (Fragment)	Acropora millepora	other S1	(30, 40]
PRSS1_domain	Q7M761	36.5	0.964	0.399	6.878e-43	152	1	216	52	294	OVCH2_MOUSE	Ovochymase-2	Mus musculus	chymotrypsin-like	(30, 40]
PRSS1_domain	P03951	36.6	0.964	0.37	6.878e-43	152	1	216	388	618	FA11_HUMAN	Coagulation factor XI	Homo sapiens	coag/complement	(30, 40]
PRSS1_domain	P35588	38.3	0.964	0.855	9.407e-43	151	1	216	31	249	HYPB_HYPLI	Hypodermin-B	Hypoderma lineatum	other S1	(30, 40]
PRSS1_domain	P08217	36.8	0.996	0.896	9.407e-43	151	1	223	29	269	CEL2A_HUMAN	Chymotrypsin-like elastase family member 2A	Homo sapiens	elastase	(30, 40]
PRSS1_domain	Q5NTB3	34.9	0.964	0.37	9.407e-43	151	1	216	388	618	FA11_BOVIN	Coagulation factor XI	Bos taurus	coag/complement	(30, 40]
PRSS1_domain	P26262	37.5	0.964	0.362	9.407e-43	151	1	216	391	621	KLKB1_MOUSE	Plasma kallikrein	Mus musculus	kallikrein	(30, 40]
PRSS1_domain	P00772	38.4	0.996	0.902	1.2870000000000001e-42	151	1	223	27	266	CELA1_PIG	Chymotrypsin-like elastase family member 1	Sus scrofa	elastase	(30, 40]
PRSS1_domain	Q2F9P2	38.6	0.969	0.506	1.2870000000000001e-42	151	1	217	213	448	FA7_PANTR	Coagulation factor VII	Pan troglodytes	coag/complement	(30, 40]
PRSS1_domain	Q8K0D2	36.8	0.982	0.432	1.2870000000000001e-42	151	1	220	312	552	HABP2_MOUSE	Factor VII-activating protease	Mus musculus	coag/complement	(30, 40]
PRSS1_domain	P0CW18	35.5	1.0	0.391	1.2870000000000001e-42	151	1	224	105	340	PRS56_HUMAN	Serine protease 56	Homo sapiens	other S1	(30, 40]
PRSS1_domain	P86091	35.4	0.964	0.276	1.2870000000000001e-42	151	1	216	596	825	TMPS7_RAT	Transmembrane protease serine 7	Rattus norvegicus	other S1	(30, 40]
PRSS1_domain	Q5G271	37.7	0.973	0.275	1.2870000000000001e-42	151	1	218	631	871	NETR_PANTR	Neurotrypsin	Pan troglodytes	neurotrypsin	(30, 40]
PRSS1_domain	P14417	38.9	0.996	0.162	1.2870000000000001e-42	151	1	223	1191	1420	APOA_MACMU	Apolipoprotein(a) (Fragment)	Macaca mulatta	other S1	(30, 40]
PRSS1_domain	P17977	37.0	0.982	0.892	1.76e-42	151	1	220	21	243	CATG_RAT	Cathepsin G	Rattus norvegicus	other S1	(30, 40]
PRSS1_domain	P03953	34.6	0.996	0.892	1.76e-42	151	1	223	26	256	CFAD_MOUSE	Complement factor D	Mus musculus	coag/complement	(30, 40]
PRSS1_domain	P08709	38.6	0.969	0.506	1.76e-42	151	1	217	213	448	FA7_HUMAN	Coagulation factor VII	Homo sapiens	coag/complement	(30, 40]
PRSS1_domain	G3V801	37.7	0.973	0.317	1.76e-42	151	1	218	517	757	NETR_RAT	Neurotrypsin	Rattus norvegicus	neurotrypsin	(30, 40]
PRSS1_domain	Q5G265	37.2	0.973	0.275	1.76e-42	151	1	218	631	871	NETR_SAGLB	Neurotrypsin	Saguinus labiatus	neurotrypsin	(30, 40]
PRSS1_domain	Q5QSK2	36.6	0.973	0.547	2.4070000000000002e-42	150	1	218	186	413	TM11G_RAT	Transmembrane protease serine 11G	Rattus norvegicus	other S1	(30, 40]
PRSS1_domain	Q5R1M5	37.6	0.996	0.902	3.2920000000000005e-42	150	1	223	27	266	CELA1_FELCA	Chymotrypsin-like elastase family member 1	Felis catus	elastase	(30, 40]
PRSS1_domain	P50343	36.8	1.0	0.894	3.2920000000000005e-42	150	1	224	30	274	TRYB2_RAT	Tryptase beta-2	Rattus norvegicus	tryptase	(30, 40]
PRSS1_domain	Q5U405	38.3	0.964	0.422	3.2920000000000005e-42	150	1	216	302	530	TMPSD_MOUSE	Transmembrane protease serine 13	Mus musculus	other S1	(30, 40]
PRSS1_domain	O08762	37.7	0.973	0.317	3.2920000000000005e-42	150	1	218	517	757	NETR_MOUSE	Neurotrypsin	Mus musculus	neurotrypsin	(30, 40]
PRSS1_domain	Q5K2P8	37.1	0.982	0.287	3.2920000000000005e-42	150	1	220	47	290	POLS2_MOUSE	Polyserase-2	Mus musculus	other S1	(30, 40]
PRSS1_domain	P28293	36.1	0.982	0.851	4.5020000000000005e-42	149	1	220	21	242	CATG_MOUSE	Cathepsin G	Mus musculus	other S1	(30, 40]
PRSS1_domain	P42279	36.0	0.964	0.866	6.157000000000001e-42	149	1	216	28	254	TRYU_DROME	Trypsin eta	Drosophila melanogaster	trypsin	(30, 40]
PRSS1_domain	P15944	37.8	0.964	0.862	6.157000000000001e-42	149	1	216	31	267	TRYT_CANLF	Tryptase	Canis lupus familiaris	tryptase	(30, 40]
PRSS1_domain	Q8MHY7	39.6	0.884	0.501	6.157000000000001e-42	149	23	220	209	425	UROK_RABIT	Urokinase-type plasminogen activator	Oryctolagus cuniculus	coag/complement	(30, 40]
PRSS1_domain	Q17800	33.6	0.982	0.246	6.157000000000001e-42	149	1	220	713	946	SVH1_CAEEL	Serine protease svh-1	Caenorhabditis elegans	other S1	(30, 40]
PRSS1_domain	P08519	40.5	0.996	0.108	6.157000000000001e-42	149	1	223	1820	2040	APOA_HUMAN	Apolipoprotein(a)	Homo sapiens	other S1	(40, 50]
PRSS1_domain	P04187	37.0	0.996	0.919	8.42e-42	149	1	223	21	247	GRAB_MOUSE	Granzyme B(G,H)	Mus musculus	other S1	(30, 40]
PRSS1_domain	O46644	38.0	0.996	0.902	8.42e-42	149	1	223	27	266	CELA1_MACFA	Chymotrypsin-like elastase family member 1	Macaca fascicularis	elastase	(30, 40]
PRSS1_domain	P70375	36.4	0.964	0.527	8.42e-42	149	1	216	194	428	FA7_MOUSE	Coagulation factor VII	Mus musculus	coag/complement	(30, 40]
PRSS1_domain	Q2F9P4	37.8	0.969	0.506	1.151e-41	148	1	217	213	448	FA7_PANPA	Coagulation factor VII	Pan paniscus	coag/complement	(30, 40]
PRSS1_domain	P98064	32.1	0.969	0.347	1.151e-41	148	1	217	454	697	MASP1_MOUSE	Mannan-binding lectin serine protease 1	Mus musculus	other S1	(30, 40]
PRSS1_domain	Q9XSM2	36.7	0.964	0.868	1.5749999999999998e-41	148	1	216	29	265	TRYT_SHEEP	Tryptase-2	Ovis aries	tryptase	(30, 40]
PRSS1_domain	F2YMG0	35.7	0.991	0.387	1.5749999999999998e-41	148	1	222	109	342	PRS56_MOUSE	Serine protease 56	Mus musculus	other S1	(30, 40]
PRSS1_domain	P98073	37.5	0.973	0.228	1.5749999999999998e-41	148	1	218	785	1016	ENTK_HUMAN	Enteropeptidase	Homo sapiens	other S1	(30, 40]
PRSS1_domain	P10144	38.7	0.982	0.907	2.153e-41	147	1	220	21	244	GRAB_HUMAN	Granzyme B	Homo sapiens	other S1	(30, 40]
PRSS1_domain	P08419	37.3	0.996	0.896	2.153e-41	147	1	223	29	269	CEL2A_PIG	Chymotrypsin-like elastase family member 2A	Sus scrofa	elastase	(30, 40]
PRSS1_domain	P26324	32.7	1.0	0.983	2.9449999999999997e-41	147	1	224	1	230	VSPF1_CALRH	Thrombin-like enzyme ancrod	Calloselasma rhodostoma	venom protease	(30, 40]
PRSS1_domain	A1L453	35.4	0.982	0.715	2.9449999999999997e-41	147	1	220	60	292	PRS38_HUMAN	Serine protease 38	Homo sapiens	other S1	(30, 40]
PRSS1_domain	P15120	37.2	0.991	0.576	2.9449999999999997e-41	147	1	222	173	422	UROK_CHICK	Urokinase-type plasminogen activator	Gallus gallus	coag/complement	(30, 40]
PRSS1_domain	Q9BYE2	36.2	1.0	0.404	2.9449999999999997e-41	147	1	224	326	562	TMPSD_HUMAN	Transmembrane protease serine 13	Homo sapiens	other S1	(30, 40]
PRSS1_domain	Q8CHN8	32.5	0.969	0.347	2.9449999999999997e-41	147	1	217	454	697	MASP1_RAT	Mannan-binding lectin serine protease 1	Rattus norvegicus	other S1	(30, 40]
PRSS1_domain	P00771	35.5	0.969	0.969	4.0269999999999995e-41	147	1	217	1	219	COGS_LEPPG	Brachyurin	Leptuca pugilator	other S1	(30, 40]
PRSS1_domain	P35049	37.1	0.933	0.859	4.0269999999999995e-41	147	1	209	25	237	TRYP_FUSOX	Trypsin	Fusarium oxysporum	trypsin	(30, 40]
PRSS1_domain	Q867B0	38.4	0.996	0.93	4.0269999999999995e-41	147	1	223	19	258	CELA1_CANLF	Chymotrypsin-like elastase family member 1	Canis lupus familiaris	elastase	(30, 40]
PRSS1_domain	O15393	37.1	0.996	0.48	4.0269999999999995e-41	147	1	223	256	491	TMPS2_HUMAN	Transmembrane protease serine 2	Homo sapiens	other S1	(30, 40]
PRSS1_domain	P98140	34.8	0.991	0.399	4.0269999999999995e-41	147	1	222	369	612	FA12_BOVIN	Coagulation factor XII	Bos taurus	coag/complement	(30, 40]
PRSS1_domain	Q9DBI0	34.4	0.982	0.289	4.0269999999999995e-41	147	1	220	577	810	TMPS6_MOUSE	Transmembrane protease serine 6	Mus musculus	other S1	(30, 40]
PRSS1_domain	P98074	38.1	0.973	0.224	4.0269999999999995e-41	147	1	218	800	1031	ENTK_PIG	Enteropeptidase	Sus scrofa	other S1	(30, 40]
PRSS1_domain	Q63ZK0	35.6	0.982	0.863	5.506999999999999e-41	146	1	220	27	253	AMI_XENLA	Serine protease ami	Xenopus laevis	other S1	(30, 40]
PRSS1_domain	Q7RTY8	35.0	0.964	0.273	5.506999999999999e-41	146	1	216	606	835	TMPS7_HUMAN	Transmembrane protease serine 7	Homo sapiens	other S1	(30, 40]
PRSS1_domain	P54629	35.0	0.982	0.895	7.529999999999999e-41	146	1	220	28	258	TRYU_DROER	Trypsin eta	Drosophila erecta	trypsin	(30, 40]
PRSS1_domain	P00773	35.8	0.987	0.895	7.529999999999999e-41	146	1	221	27	264	CELA1_RAT	Chymotrypsin-like elastase family member 1	Rattus norvegicus	elastase	(30, 40]
PRSS1_domain	P00749	38.1	0.875	0.499	7.529999999999999e-41	146	23	218	207	421	UROK_HUMAN	Urokinase-type plasminogen activator	Homo sapiens	coag/complement	(30, 40]
PRSS1_domain	P29293	34.3	0.982	0.568	7.529999999999999e-41	146	1	220	43	290	ACRO_RAT	Acrosin	Rattus norvegicus	other S1	(30, 40]
PRSS1_domain	P22457	35.5	0.969	0.528	7.529999999999999e-41	146	1	217	193	428	FA7_BOVIN	Coagulation factor VII	Bos taurus	coag/complement	(30, 40]
PRSS1_domain	Q8IU80	34.0	0.982	0.289	7.529999999999999e-41	146	1	220	577	810	TMPS6_HUMAN	Transmembrane protease serine 6	Homo sapiens	other S1	(30, 40]
PRSS1_domain	O35205	35.1	0.987	0.886	1.03e-40	145	1	221	26	258	GRAK_MOUSE	Granzyme K	Mus musculus	other S1	(30, 40]
PRSS1_domain	P08001	33.8	1.0	0.607	1.03e-40	145	1	224	40	291	ACRO_PIG	Acrosin	Sus scrofa	other S1	(30, 40]
PRSS1_domain	Q86T26	35.5	0.964	0.543	1.03e-40	145	1	216	185	410	TM11B_HUMAN	Transmembrane protease serine 11B	Homo sapiens	other S1	(30, 40]
PRSS1_domain	P48038	30.5	1.0	0.585	1.03e-40	145	1	224	40	291	ACRO_RABIT	Acrosin	Oryctolagus cuniculus	other S1	(30, 40]
PRSS1_domain	Q5RF29	36.6	0.973	0.564	1.03e-40	145	1	218	179	421	UROK_PONAB	Urokinase-type plasminogen activator	Pongo abelii	coag/complement	(30, 40]
PRSS1_domain	P35587	34.4	1.0	0.871	1.408e-40	145	1	224	31	253	HYPA_HYPLI	Hypodermin-A	Hypoderma lineatum	other S1	(30, 40]
PRSS1_domain	Q14B25	39.1	0.987	0.76	1.408e-40	145	1	221	40	276	PRS48_MOUSE	Serine protease 48	Mus musculus	other S1	(30, 40]
PRSS1_domain	P16227	36.8	0.964	0.564	1.408e-40	145	1	216	178	421	UROK_PAPCY	Urokinase-type plasminogen activator	Papio cynocephalus	coag/complement	(30, 40]
PRSS1_domain	P23578	33.4	1.0	0.578	1.408e-40	145	1	224	43	294	ACRO_MOUSE	Acrosin	Mus musculus	other S1	(30, 40]
PRSS1_domain	Q5K4E3	37.1	0.982	0.285	1.408e-40	145	1	220	47	290	POLS2_HUMAN	Polyserase-2	Homo sapiens	other S1	(30, 40]
PRSS1_domain	Q8K3U6	36.7	0.964	0.527	1.925e-40	145	1	216	194	428	FA7_RAT	Coagulation factor VII	Rattus norvegicus	coag/complement	(30, 40]
PRSS1_domain	Q8SQ23	36.6	0.973	0.441	1.925e-40	145	1	218	311	558	TPA_PIG	Tissue-type plasminogen activator	Sus scrofa	coag/complement	(30, 40]
PRSS1_domain	P98072	37.1	0.973	0.224	1.925e-40	145	1	218	801	1032	ENTK_BOVIN	Enteropeptidase	Bos taurus	other S1	(30, 40]
PRSS1_domain	Q8BZ10	35.3	0.973	0.547	2.6329999999999998e-40	144	1	218	186	413	TM11G_MOUSE	Transmembrane protease serine 11G	Mus musculus	other S1	(30, 40]
PRSS1_domain	Q9GL10	32.5	1.0	0.766	3.6e-40	144	1	224	40	291	ACRO_SHEEP	Acrosin (Fragment)	Ovis aries	other S1	(30, 40]
PRSS1_domain	Q9NRS4	36.8	0.973	0.519	3.6e-40	144	1	218	205	431	TMPS4_HUMAN	Transmembrane protease serine 4	Homo sapiens	other S1	(30, 40]
PRSS1_domain	Q8BW11	33.8	0.942	0.884	4.922e-40	143	13	223	29	241	PRS58_MOUSE	Putative inactive serine protease 58	Mus musculus	other S1	(30, 40]
PRSS1_domain	Q6P326	34.7	0.982	0.857	4.922e-40	143	1	220	27	253	AMI_XENTR	Serine protease ami	Xenopus tropicalis	other S1	(30, 40]
PRSS1_domain	Q90WD8	31.6	0.982	0.256	4.922e-40	143	1	220	50	298	OVCH2_BUFJA	Ovochymase-2	Bufo japonicus	chymotrypsin-like	(30, 40]
PRSS1_domain	Q66TN7	32.5	0.964	0.25	4.922e-40	143	1	216	50	294	OVCH2_RHIAE	Ovochymase-2	Rhinella arenarum	chymotrypsin-like	(30, 40]
PRSS1_domain	P23946	37.0	0.996	0.915	6.7299999999999995e-40	143	1	223	22	247	CMA1_HUMAN	Chymase	Homo sapiens	chymotrypsin-like	(30, 40]
PRSS1_domain	A6NIE9	37.3	0.964	0.76	6.7299999999999995e-40	143	1	216	68	305	PRS29_HUMAN	Putative serine protease 29	Homo sapiens	other S1	(30, 40]
PRSS1_domain	Q9NRR2	36.5	0.996	0.732	6.7299999999999995e-40	143	1	223	38	272	TRYG1_HUMAN	Tryptase gamma	Homo sapiens	tryptase	(30, 40]
PRSS1_domain	Q28278	32.4	0.982	0.513	6.7299999999999995e-40	143	1	220	211	444	PROC_CANLF	Vitamin K-dependent protein C	Canis lupus familiaris	other S1	(30, 40]
PRSS1_domain	P19221	34.2	0.982	0.411	6.7299999999999995e-40	143	1	220	361	614	THRB_MOUSE	Prothrombin	Mus musculus	coag/complement	(30, 40]
PRSS1_domain	A4D1T9	35.8	0.946	0.889	9.201e-40	143	8	219	23	231	PRS37_HUMAN	Probable inactive serine protease 37	Homo sapiens	other S1	(30, 40]
PRSS1_domain	Q28661	34.4	0.982	0.52	9.201e-40	143	1	220	209	446	PROC_RABIT	Vitamin K-dependent protein C (Fragment)	Oryctolagus cuniculus	other S1	(30, 40]
PRSS1_domain	O19023	38.3	0.996	0.942	1.2579999999999999e-39	142	1	223	16	257	CEL3B_MACMU	Chymotrypsin-like elastase family member 3B (Fragment)	Macaca mulatta	elastase	(30, 40]
PRSS1_domain	Q9CQ52	39.4	0.996	0.9	1.2579999999999999e-39	142	1	223	28	269	CEL3B_MOUSE	Chymotrypsin-like elastase family member 3B	Mus musculus	elastase	(30, 40]
PRSS1_domain	P19236	36.5	0.982	0.871	1.7199999999999998e-39	142	1	220	31	274	TRYM_CANLF	Mastin	Canis lupus familiaris	tryptase	(30, 40]
PRSS1_domain	Q6UWY2	34.6	1.0	0.823	1.7199999999999998e-39	142	1	224	34	266	PRS57_HUMAN	Serine protease 57	Homo sapiens	other S1	(30, 40]
PRSS1_domain	Q14BX2	32.3	0.969	0.71	1.7199999999999998e-39	142	1	217	35	262	PRS55_MOUSE	Serine protease 55	Mus musculus	other S1	(30, 40]
PRSS1_domain	Q28380	33.0	0.938	0.49	1.7199999999999998e-39	142	13	222	224	447	PROC_HORSE	Vitamin K-dependent protein C	Equus caballus	other S1	(30, 40]
PRSS1_domain	Q28198	36.2	0.973	0.438	1.7199999999999998e-39	142	1	218	315	562	TPA_BOVIN	Tissue-type plasminogen activator	Bos taurus	coag/complement	(30, 40]
PRSS1_domain	Q4R7Y7	35.8	0.946	0.889	2.351e-39	141	8	219	23	231	PRS37_MACFA	Probable inactive serine protease 37	Macaca fascicularis	other S1	(30, 40]
PRSS1_domain	P47797	32.4	1.0	0.891	2.351e-39	141	1	224	25	254	VSPF2_CALRH	Thrombin-like enzyme ancrod-2	Calloselasma rhodostoma	venom protease	(30, 40]
PRSS1_domain	P09093	39.0	0.996	0.896	2.351e-39	141	1	223	29	270	CEL3A_HUMAN	Chymotrypsin-like elastase family member 3A	Homo sapiens	elastase	(30, 40]
PRSS1_domain	Q9GLP2	34.0	0.982	0.51	2.351e-39	141	1	220	214	447	PROC_PIG	Vitamin K-dependent protein C	Sus scrofa	other S1	(30, 40]
PRSS1_domain	Q14520	36.2	1.0	0.438	2.351e-39	141	1	224	314	558	HABP2_HUMAN	Factor VII-activating protease	Homo sapiens	coag/complement	(30, 40]
PRSS1_domain	P00734	35.0	0.982	0.408	2.351e-39	141	1	220	364	617	THRB_HUMAN	Prothrombin	Homo sapiens	coag/complement	(30, 40]
PRSS1_domain	Q19AZ8	34.6	0.982	0.408	2.351e-39	141	1	220	365	618	THRB_PIG	Prothrombin	Sus scrofa	coag/complement	(30, 40]
PRSS1_domain	P0DRJ7	35.4	1.0	0.969	3.2149999999999996e-39	141	1	224	1	188	VSPKA_LACMU	Kallikrein-like enzyme LV-Ka (Fragment)	Lachesis muta muta	kallikrein	(30, 40]
PRSS1_domain	Q06606	37.4	0.982	0.895	3.2149999999999996e-39	141	1	220	21	242	GRZ2_RAT	Granzyme-like protein 2	Rattus norvegicus	other S1	(30, 40]
PRSS1_domain	Q3UQ41	37.1	0.964	0.581	3.2149999999999996e-39	141	1	216	158	383	TM11A_MOUSE	Transmembrane protease serine 11A	Mus musculus	other S1	(30, 40]
PRSS1_domain	P08861	38.7	0.996	0.896	4.3949999999999997e-39	141	1	223	29	270	CEL3B_HUMAN	Chymotrypsin-like elastase family member 3B	Homo sapiens	elastase	(30, 40]
PRSS1_domain	Q99MS4	33.3	0.964	0.864	4.3949999999999997e-39	141	1	216	31	271	PRS29_MOUSE	Serine protease 29	Mus musculus	other S1	(30, 40]
PRSS1_domain	P42280	37.2	0.987	0.857	6.009e-39	140	1	221	39	278	TRYZ_DROME	Trypsin zeta	Drosophila melanogaster	trypsin	(30, 40]
PRSS1_domain	P49150	36.1	0.973	0.629	6.009e-39	140	3	220	145	392	URTG_DESRO	Salivary plasminogen activator gamma	Desmodus rotundus	coag/complement	(30, 40]
PRSS1_domain	P98121	36.1	0.973	0.575	6.009e-39	140	3	220	182	429	URTB_DESRO	Salivary plasminogen activator beta	Desmodus rotundus	coag/complement	(30, 40]
PRSS1_domain	P15638	36.1	0.973	0.52	6.009e-39	140	3	220	228	475	URT2_DESRO	Salivary plasminogen activator alpha 2	Desmodus rotundus	coag/complement	(30, 40]
PRSS1_domain	Q5E9Z2	36.0	0.982	0.432	6.009e-39	140	1	220	312	552	HABP2_BOVIN	Factor VII-activating protease	Bos taurus	coag/complement	(30, 40]
PRSS1_domain	P54630	36.5	0.964	0.836	8.213999999999999e-39	140	1	216	40	274	TRYZ_DROER	Trypsin zeta	Drosophila erecta	trypsin	(30, 40]
PRSS1_domain	Q07943	35.4	0.982	0.852	1.123e-38	139	1	220	28	252	VDP_BOMMO	Vitellin-degrading protease	Bombyx mori	other S1	(30, 40]
PRSS1_domain	P05208	35.6	0.996	0.889	1.123e-38	139	1	223	31	271	CEL2A_MOUSE	Chymotrypsin-like elastase family member 2A	Mus musculus	elastase	(30, 40]
PRSS1_domain	Q28315	33.1	1.0	0.52	1.123e-38	139	1	224	214	451	PROC_CAPHI	Vitamin K-dependent protein C	Capra hircus	other S1	(30, 40]
PRSS1_domain	P18292	33.4	0.982	0.412	1.123e-38	139	1	220	360	613	THRB_RAT	Prothrombin	Rattus norvegicus	coag/complement	(30, 40]
PRSS1_domain	Q5R537	34.6	0.982	0.408	1.123e-38	139	1	220	365	618	THRB_PONAB	Prothrombin	Pongo abelii	coag/complement	(30, 40]
PRSS1_domain	P08882	35.6	0.982	0.907	1.535e-38	139	1	220	21	245	GRAC_MOUSE	Granzyme C	Mus musculus	other S1	(30, 40]
PRSS1_domain	P08883	34.3	0.982	0.907	1.535e-38	139	1	220	21	245	GRAF_MOUSE	Granzyme F	Mus musculus	other S1	(30, 40]
PRSS1_domain	P11032	35.5	0.969	0.865	1.535e-38	139	1	217	29	253	GRAA_MOUSE	Granzyme A	Mus musculus	other S1	(30, 40]
PRSS1_domain	P08218	34.8	0.996	0.896	1.535e-38	139	1	223	29	269	CEL2B_HUMAN	Chymotrypsin-like elastase family member 2B	Homo sapiens	elastase	(30, 40]
PRSS1_domain	Q8VHK8	33.3	0.969	0.544	1.535e-38	139	1	217	186	412	TM11D_MOUSE	Transmembrane protease serine 11D	Mus musculus	other S1	(30, 40]
PRSS1_domain	P11214	36.1	0.982	0.445	1.535e-38	139	1	220	309	557	TPA_MOUSE	Tissue-type plasminogen activator	Mus musculus	coag/complement	(30, 40]
PRSS1_domain	P00768	36.8	0.969	0.981	2.099e-38	139	1	217	1	212	CTR2_VESOR	Chymotrypsin-2	Vespa orientalis	chymotrypsin-like	(30, 40]
PRSS1_domain	P52195	36.1	0.996	0.915	2.099e-38	139	1	223	22	247	CMA1_PAPHA	Chymase	Papio hamadryas	chymotrypsin-like	(30, 40]
PRSS1_domain	P54628	37.5	0.973	0.851	2.099e-38	139	1	218	35	257	TRYT_DROER	Trypsin theta	Drosophila erecta	trypsin	(30, 40]
PRSS1_domain	Q29461	36.4	0.996	0.896	2.099e-38	139	1	223	29	269	CEL2A_BOVIN	Chymotrypsin-like elastase family member 2A	Bos taurus	elastase	(30, 40]
PRSS1_domain	Q5S248	37.6	0.964	0.534	2.099e-38	139	1	216	192	417	TM11E_MOUSE	Transmembrane protease serine 11E	Mus musculus	other S1	(30, 40]
PRSS1_domain	P31394	33.7	0.982	0.514	2.099e-38	139	1	220	213	449	PROC_RAT	Vitamin K-dependent protein C	Rattus norvegicus	other S1	(30, 40]
PRSS1_domain	P97435	35.9	0.964	0.22	2.099e-38	139	1	216	830	1064	ENTK_MOUSE	Enteropeptidase	Mus musculus	other S1	(30, 40]
PRSS1_domain	Q7SIG3	35.7	0.964	0.983	2.869e-38	138	1	216	1	232	ELA1_SALSA	Elastase-1	Salmo salar	elastase	(30, 40]
PRSS1_domain	P12544	35.9	0.982	0.878	2.869e-38	138	1	220	29	258	GRAA_HUMAN	Granzyme A	Homo sapiens	other S1	(30, 40]
PRSS1_domain	Q14C59	34.7	0.964	0.543	2.869e-38	138	1	216	185	410	TM11B_MOUSE	Transmembrane protease serine 11B-like protein	Mus musculus	other S1	(30, 40]
PRSS1_domain	P00745	34.7	0.991	0.518	2.869e-38	138	1	222	211	446	PROC_BOVIN	Vitamin K-dependent protein C (Fragment)	Bos taurus	other S1	(30, 40]
PRSS1_domain	P98119	35.7	0.973	0.52	2.869e-38	138	3	220	228	475	URT1_DESRO	Salivary plasminogen activator alpha 1	Desmodus rotundus	coag/complement	(30, 40]
PRSS1_domain	Q7RTZ1	32.6	0.982	0.438	2.869e-38	138	1	220	52	298	OVCH2_HUMAN	Ovochymase-2	Homo sapiens	chymotrypsin-like	(30, 40]
PRSS1_domain	P35043	43.9	0.719	0.964	3.921e-38	138	64	224	6	164	TRYA3_LUCCU	Trypsin alpha-3 (Fragment)	Lucilia cuprina	trypsin	(40, 50]
PRSS1_domain	P20718	35.2	0.982	0.907	3.921e-38	138	1	220	21	243	GRAH_HUMAN	Granzyme H	Homo sapiens	other S1	(30, 40]
PRSS1_domain	P56435	36.1	0.996	0.915	5.36e-38	138	1	223	22	247	CMA1_MACFA	Chymase	Macaca fascicularis	chymotrypsin-like	(30, 40]
PRSS1_domain	P19637	35.7	0.982	0.445	5.36e-38	138	1	220	309	557	TPA_RAT	Tissue-type plasminogen activator	Rattus norvegicus	coag/complement	(30, 40]
PRSS1_domain	P42278	37.9	0.973	0.851	7.327e-38	137	1	218	35	257	TRYT_DROME	Trypsin theta	Drosophila melanogaster	trypsin	(30, 40]
PRSS1_domain	P29598	36.8	0.875	0.498	7.327e-38	137	25	220	210	424	UROK_RAT	Urokinase-type plasminogen activator	Rattus norvegicus	coag/complement	(30, 40]
PRSS1_domain	Q6IE06	32.7	0.942	0.887	1.0009999999999999e-37	137	13	223	28	240	PRS58_RAT	Putative inactive serine protease 58	Rattus norvegicus	other S1	(30, 40]
PRSS1_domain	Q9JHJ7	34.2	0.996	0.753	1.0009999999999999e-37	137	1	223	55	298	TEST_MOUSE	Testisin	Mus musculus	other S1	(30, 40]
PRSS1_domain	P06869	36.0	0.982	0.568	1.0009999999999999e-37	137	1	220	180	425	UROK_MOUSE	Urokinase-type plasminogen activator	Mus musculus	coag/complement	(30, 40]
PRSS1_domain	P33587	32.9	0.982	0.515	1.0009999999999999e-37	137	1	220	212	448	PROC_MOUSE	Vitamin K-dependent protein C	Mus musculus	other S1	(30, 40]
PRSS1_domain	P00750	36.0	0.982	0.445	1.0009999999999999e-37	137	1	220	311	560	TPA_HUMAN	Tissue-type plasminogen activator	Homo sapiens	coag/complement	(30, 40]
PRSS1_domain	Q9VZH2	32.9	1.0	0.233	1.0009999999999999e-37	137	1	224	803	1046	MAS_DROME	Protein masquerade	Drosophila melanogaster	other S1	(30, 40]
PRSS1_domain	Q32KU2	34.4	0.946	0.889	1.369e-37	136	8	219	23	231	PRS37_BOVIN	Probable inactive serine protease 37	Bos taurus	other S1	(30, 40]
PRSS1_domain	P24158	35.8	0.982	0.859	1.369e-37	136	1	220	28	247	PRTN3_HUMAN	Myeloblastin	Homo sapiens	other S1	(30, 40]
PRSS1_domain	P97594	36.1	0.982	0.895	1.871e-37	136	1	220	21	242	MCPT8_RAT	Mast cell protease 8	Rattus norvegicus	other S1	(30, 40]
PRSS1_domain	O93267	33.3	0.982	0.863	1.871e-37	136	2	221	17	237	TRP3_PSEAM	Trypsinogen-like protein 3	Pseudopleuronectes americanus	trypsin	(30, 40]
PRSS1_domain	P04185	34.1	1.0	0.563	1.871e-37	136	1	224	190	438	UROK_PIG	Urokinase-type plasminogen activator	Sus scrofa	coag/complement	(30, 40]
PRSS1_domain	P00735	34.6	0.982	0.406	1.871e-37	136	1	220	367	620	THRB_BOVIN	Prothrombin	Bos taurus	coag/complement	(30, 40]
PRSS1_domain	Q05589	36.5	0.964	0.557	2.5569999999999998e-37	136	1	216	181	421	UROK_BOVIN	Urokinase-type plasminogen activator	Bos taurus	coag/complement	(30, 40]
PRSS1_domain	P79953	30.4	0.982	0.248	3.495e-37	135	1	220	46	294	OVCH2_XENLA	Ovochymase-2	Xenopus laevis	chymotrypsin-like	(30, 40]
PRSS1_domain	P05805	38.5	0.96	0.941	4.777e-37	135	9	223	16	253	CAC3_BOVIN	Proproteinase E	Bos taurus	other S1	(30, 40]
PRSS1_domain	Q7YRZ7	32.7	0.987	0.88	4.777e-37	135	1	221	29	255	GRAA_BOVIN	Granzyme A	Bos taurus	other S1	(30, 40]
PRSS1_domain	P10323	31.2	1.0	0.596	4.777e-37	135	1	224	43	293	ACRO_HUMAN	Acrosin	Homo sapiens	other S1	(30, 40]
PRSS1_domain	Q58L93	34.7	0.969	0.502	4.777e-37	135	1	217	210	437	FAXD_PSEPO	Venom prothrombin activator porpharin-D	Pseudechis porphyriacus	venom protease	(30, 40]
PRSS1_domain	P00769	35.9	0.969	0.982	6.5289999999999995e-37	134	1	217	1	214	CTR2_VESCR	Chymotrypsin-2	Vespa crabro	chymotrypsin-like	(30, 40]
PRSS1_domain	P04070	32.3	0.982	0.516	6.5289999999999995e-37	134	1	220	212	449	PROC_HUMAN	Vitamin K-dependent protein C	Homo sapiens	other S1	(30, 40]
PRSS1_domain	P13366	32.5	0.982	0.907	8.923e-37	134	1	220	21	245	GRAG_MOUSE	Granzyme G	Mus musculus	other S1	(30, 40]
PRSS1_domain	Q17025	35.1	1.0	0.876	8.923e-37	134	1	224	33	258	CTR2_ANOGA	Chymotrypsin-2	Anopheles gambiae	chymotrypsin-like	(30, 40]
PRSS1_domain	Q03238	35.0	0.982	0.888	8.923e-37	134	1	220	21	249	GRAM_RAT	Granzyme M (Fragment)	Rattus norvegicus	other S1	(30, 40]
PRSS1_domain	Q7RTY5	34.6	0.987	0.732	8.923e-37	134	1	221	28	267	PRS48_HUMAN	Serine protease 48	Homo sapiens	other S1	(30, 40]
PRSS1_domain	Q5K2P9	33.5	0.982	0.302	8.923e-37	134	1	220	51	314	POLS2_RAT	Polyserase-2	Rattus norvegicus	other S1	(30, 40]
PRSS1_domain	P28175	32.8	0.982	0.252	8.923e-37	134	1	220	763	1019	CFC_TACTR	Clotting factor C	Tachypleus tridentatus	coag/complement	(30, 40]
PRSS1_domain	Q27083	35.3	0.969	0.783	1.2190000000000001e-36	134	1	217	47	288	CFGB_TACTR	Clotting factor G beta subunit	Tachypleus tridentatus	coag/complement	(30, 40]
PRSS1_domain	P24664	37.5	1.0	0.996	1.666e-36	133	1	224	1	226	TRYP_SACER	Trypsin	Saccharopolyspora erythraea	trypsin	(30, 40]
PRSS1_domain	P50340	35.8	0.982	0.907	1.666e-36	133	1	220	21	243	MCPT1_MERUN	Mast cell protease 1	Meriones unguiculatus	other S1	(30, 40]
PRSS1_domain	Q2UVH8	32.6	0.964	0.691	1.666e-36	133	1	216	41	279	ACRO_MELGA	Acrosin	Meleagris gallopavo	other S1	(30, 40]
PRSS1_domain	Q8VHJ4	32.8	0.969	0.544	1.666e-36	133	1	217	186	412	TM11D_RAT	Transmembrane protease serine 11D	Rattus norvegicus	other S1	(30, 40]
PRSS1_domain	P05049	35.2	0.862	0.48	1.666e-36	133	25	217	220	428	SNAK_DROME	Serine protease snk	Drosophila melanogaster	other S1	(30, 40]
PRSS1_domain	Q6IE14	34.3	0.964	0.538	2.2770000000000002e-36	133	1	216	189	414	TM11L_RAT	Transmembrane protease serine 11B-like protein	Rattus norvegicus	other S1	(30, 40]
PRSS1_domain	Q5R8J0	35.2	0.982	0.445	3.1120000000000004e-36	132	1	220	311	560	TPA_PONAB	Tissue-type plasminogen activator	Pongo abelii	coag/complement	(30, 40]
PRSS1_domain	Q26422	32.4	0.982	0.252	3.1120000000000004e-36	132	1	220	763	1019	LFC_CARRO	Limulus clotting factor C	Carcinoscorpius rotundicauda	coag/complement	(30, 40]
PRSS1_domain	P21842	34.4	0.996	0.908	4.253e-36	132	1	223	22	247	CMA1_CANLF	Chymase	Canis lupus familiaris	chymotrypsin-like	(30, 40]
PRSS1_domain	Q86WS5	34.1	0.964	0.678	5.811e-36	132	1	216	78	313	TMPSC_HUMAN	Transmembrane protease serine 12	Homo sapiens	other S1	(30, 40]
PRSS1_domain	Q9QUL7	34.4	0.982	0.746	7.941000000000001e-36	131	1	220	30	261	TRYG1_MOUSE	Tryptase gamma	Mus musculus	tryptase	(30, 40]
PRSS1_domain	P43430	34.6	0.982	0.895	1.085e-35	131	1	220	21	241	MCPT8_MOUSE	Mast cell protease 8	Mus musculus	other S1	(30, 40]
PRSS1_domain	Q7RTY9	33.4	0.987	0.764	1.085e-35	131	1	221	55	297	PRS41_HUMAN	Serine protease 41	Homo sapiens	other S1	(30, 40]
PRSS1_domain	Q9UL52	36.1	0.964	0.534	1.483e-35	130	1	216	192	417	TM11E_HUMAN	Transmembrane protease serine 11E	Homo sapiens	other S1	(30, 40]
PRSS1_domain	A6MFK8	32.6	0.996	0.497	2.768e-35	130	1	223	227	460	FAXD2_DEMVE	Venom prothrombin activator vestarin-D2	Demansia vestigiata	venom protease	(30, 40]
PRSS1_domain	Q49QW1	33.7	0.987	0.628	5.167e-35	129	4	224	139	373	PPAE1_SPOLT	Phenoloxidase-activating enzyme 1	Spodoptera litura	other S1	(30, 40]
PRSS1_domain	Q58L94	33.4	0.987	0.534	5.167e-35	129	1	221	210	451	FAXD2_NOTSC	Venom prothrombin activator notecarin-D2	Notechis scutatus scutatus	venom protease	(30, 40]
PRSS1_domain	Q9Y5Q5	35.1	0.982	0.224	5.167e-35	129	1	220	802	1034	CORIN_HUMAN	Atrial natriuretic peptide-converting enzyme	Homo sapiens	other S1	(30, 40]
PRSS1_domain	P35047	33.7	0.973	0.898	7.06e-35	128	1	218	25	254	TRYC_MANSE	Trypsin, alkaline C	Manduca sexta	trypsin	(30, 40]
PRSS1_domain	Q3UKY7	32.0	0.969	0.714	7.06e-35	128	1	217	56	285	PRS38_MOUSE	Serine protease 38	Mus musculus	other S1	(30, 40]
PRSS1_domain	Q9DAA4	32.5	0.946	0.882	9.645e-35	128	8	219	23	231	PRS37_MOUSE	Probable inactive serine protease 37	Mus musculus	other S1	(30, 40]
PRSS1_domain	P08884	30.4	0.982	0.907	9.645e-35	128	1	220	21	245	GRAE_MOUSE	Granzyme E	Mus musculus	other S1	(30, 40]
PRSS1_domain	Q27289	34.7	1.0	0.873	9.645e-35	128	1	224	33	258	CTR1_ANOGA	Chymotrypsin-1	Anopheles gambiae	chymotrypsin-like	(30, 40]
PRSS1_domain	Q6ZWK6	35.2	0.964	0.516	9.645e-35	128	1	216	207	432	TM11F_HUMAN	Transmembrane protease serine 11F	Homo sapiens	other S1	(30, 40]
PRSS1_domain	Q920S2	30.3	0.996	0.758	1.318e-34	128	1	223	53	296	PRS41_MOUSE	Serine protease 41	Mus musculus	other S1	(30, 40]
PRSS1_domain	Q9Z319	34.7	0.982	0.209	1.318e-34	128	1	220	869	1101	CORIN_MOUSE	Atrial natriuretic peptide-converting enzyme	Mus musculus	other S1	(30, 40]
PRSS1_domain	Q8BHM9	34.0	0.964	0.515	1.8e-34	127	1	216	208	433	TM11F_MOUSE	Transmembrane protease serine 11F	Mus musculus	other S1	(30, 40]
PRSS1_domain	P35046	33.3	0.973	0.898	2.4590000000000002e-34	127	1	218	25	254	TRYB_MANSE	Trypsin, alkaline B	Manduca sexta	trypsin	(30, 40]
PRSS1_domain	A2VE36	33.6	0.933	0.728	2.4590000000000002e-34	127	13	221	61	290	PRS45_BOVIN	Serine protease 45	Bos taurus	other S1	(30, 40]
PRSS1_domain	Q4QXT9	33.0	0.969	0.472	2.4590000000000002e-34	127	1	217	239	466	FA10_TROCA	Coagulation factor X	Tropidechis carinatus	coag/complement	(30, 40]
PRSS1_domain	P0DJE9	28.6	1.0	0.968	3.359e-34	126	1	224	1	276	VSP1_BOTMA	Thrombin-like enzyme TLBm	Bothrops marajoensis	venom protease	(0, 30]
PRSS1_domain	B5G6G5	32.7	0.969	0.527	3.359e-34	126	1	217	210	449	FAXD_CRYNI	Venom prothrombin activator nigrarin-D	Cryptophis nigrescens	venom protease	(30, 40]
PRSS1_domain	Q91WP0	34.6	0.987	0.35	3.359e-34	126	1	221	444	683	MASP2_MOUSE	Mannan-binding lectin serine protease 2	Mus musculus	other S1	(30, 40]
PRSS1_domain	A7WPL7	33.8	0.996	0.915	4.589e-34	126	1	223	22	247	CMA1_CAVPO	Chymase	Cavia porcellus	chymotrypsin-like	(30, 40]
PRSS1_domain	P35045	33.3	0.973	0.898	4.589e-34	126	1	218	25	254	TRYA_MANSE	Trypsin, alkaline A	Manduca sexta	trypsin	(30, 40]
PRSS1_domain	Q1L659	33.9	0.982	0.478	4.589e-34	126	1	220	239	469	FA101_PSETE	Coagulation factor X isoform 1	Pseudonaja textilis	coag/complement	(30, 40]
PRSS1_domain	P17945	33.7	0.946	0.304	4.589e-34	126	9	220	503	723	HGF_RAT	Hepatocyte growth factor	Rattus norvegicus	coag/complement	(30, 40]
PRSS1_domain	Q08048	33.7	0.946	0.304	4.589e-34	126	9	220	503	723	HGF_MOUSE	Hepatocyte growth factor	Mus musculus	coag/complement	(30, 40]
PRSS1_domain	C0HKF7	34.1	0.973	0.845	6.268e-34	126	1	218	36	259	SER1_DROME	Serine protease 1	Drosophila melanogaster	trypsin	(30, 40]
PRSS1_domain	C0HKF8	34.1	0.973	0.845	6.268e-34	126	1	218	36	259	SER2_DROME	Serine protease 2	Drosophila melanogaster	other S1	(30, 40]
PRSS1_domain	O00187	32.6	0.987	0.35	6.268e-34	126	1	221	445	684	MASP2_HUMAN	Mannan-binding lectin serine protease 2	Homo sapiens	other S1	(30, 40]
PRSS1_domain	P14210	34.4	0.982	0.31	6.268e-34	126	1	220	495	720	HGF_HUMAN	Hepatocyte growth factor	Homo sapiens	coag/complement	(30, 40]
PRSS1_domain	P11033	32.1	0.964	0.893	8.562000000000001e-34	125	1	216	21	245	GRAD_MOUSE	Granzyme D	Mus musculus	other S1	(30, 40]
PRSS1_domain	P21812	34.0	0.982	0.907	1.1699999999999999e-33	125	1	220	21	243	MCPT4_MOUSE	Mast cell protease 4	Mus musculus	other S1	(30, 40]
PRSS1_domain	Q9TXD8	34.1	0.982	1.0	1.598e-33	124	1	220	1	243	ISOHC_AGEAP	Venom peptide isomerase heavy chain	Agelenopsis aperta	venom protease	(30, 40]
PRSS1_domain	P52905	33.4	1.0	0.889	1.598e-33	124	1	224	28	251	TRYI_DROME	Trypsin iota	Drosophila melanogaster	trypsin	(30, 40]
PRSS1_domain	Q9JJS8	35.2	0.982	0.349	1.598e-33	124	1	220	444	682	MASP2_RAT	Mannan-binding lectin serine protease 2	Rattus norvegicus	other S1	(30, 40]
PRSS1_domain	A6MFK7	33.0	0.969	0.482	2.182e-33	124	1	217	229	456	FAXD1_DEMVE	Venom prothrombin activator vestarin-D1	Demansia vestigiata	venom protease	(30, 40]
PRSS1_domain	Q80YN4	34.3	0.982	0.21	2.98e-33	124	1	220	867	1099	CORIN_RAT	Atrial natriuretic peptide-converting enzyme	Rattus norvegicus	other S1	(30, 40]
PRSS1_domain	Q00356	34.4	0.982	0.907	4.07e-33	123	1	220	21	243	MCPTX_MOUSE	Mast cell protease-like protein	Mus musculus	other S1	(30, 40]
PRSS1_domain	P97592	34.9	0.996	0.919	4.07e-33	123	1	223	21	246	MCPT4_RAT	Mast cell protease 4	Rattus norvegicus	other S1	(30, 40]
PRSS1_domain	O35164	34.4	0.982	0.907	4.07e-33	123	1	220	21	243	MCPT9_MOUSE	Mast cell protease 9	Mus musculus	other S1	(30, 40]
PRSS1_domain	Q9BH09	33.8	0.982	0.313	4.07e-33	123	1	220	493	720	HGF_FELCA	Hepatocyte growth factor	Felis catus	coag/complement	(30, 40]
PRSS1_domain	P09650	33.6	0.982	0.858	5.559e-33	123	1	220	21	243	MCPT1_RAT	Mast cell protease 1	Rattus norvegicus	other S1	(30, 40]
PRSS1_domain	Q27081	33.1	0.964	0.6	7.592e-33	123	1	216	148	387	CFB_TACTR	Clotting factor B	Tachypleus tridentatus	coag/complement	(30, 40]
PRSS1_domain	B7YZU2	31.5	0.973	0.142	7.592e-33	123	1	218	1449	1688	LINT_DROME	Serine protease filzig	Drosophila melanogaster	other S1	(30, 40]
PRSS1_domain	Q867B7	33.0	0.982	0.312	1.037e-32	122	1	220	495	722	HGF_CANLF	Hepatocyte growth factor	Canis lupus familiaris	coag/complement	(30, 40]
PRSS1_domain	P15119	33.3	0.964	0.889	1.416e-32	122	1	216	21	237	MCPT2_MOUSE	Mast cell protease 2	Mus musculus	other S1	(30, 40]
PRSS1_domain	Q7Z5A4	32.8	0.888	0.73	1.416e-32	122	1	199	80	293	PRS42_HUMAN	Putative serine protease 42	Homo sapiens	other S1	(30, 40]
PRSS1_domain	Q3V0Q7	30.5	0.987	0.717	1.9330000000000002e-32	121	1	221	66	306	TMPSC_MOUSE	Transmembrane protease serine 12	Mus musculus	other S1	(30, 40]
PRSS1_domain	Q6ZMR5	33.3	0.964	0.541	1.9330000000000002e-32	121	1	216	187	412	TM11A_HUMAN	Transmembrane protease serine 11A	Homo sapiens	other S1	(30, 40]
PRSS1_domain	P50341	32.9	0.996	0.915	2.64e-32	121	1	223	22	247	MCPT2_MERUN	Mast cell protease 2	Meriones unguiculatus	other S1	(30, 40]
PRSS1_domain	Q924N9	32.5	0.982	0.887	2.64e-32	121	1	220	31	273	PRS28_MOUSE	Serine protease 28	Mus musculus	other S1	(30, 40]
PRSS1_domain	P81428	31.7	0.987	0.536	2.64e-32	121	1	221	210	453	FAXD_TROCA	Venom prothrombin activator trocarin-D	Tropidechis carinatus	venom protease	(30, 40]
PRSS1_domain	P82807	31.7	0.987	0.536	2.64e-32	121	1	221	210	453	FAXD1_NOTSC	Venom prothrombin activator notecarin-D1	Notechis scutatus scutatus	venom protease	(30, 40]
PRSS1_domain	P26927	32.9	0.964	0.311	2.64e-32	121	1	216	484	704	HGFL_HUMAN	Hepatocyte growth factor-like protein	Homo sapiens	coag/complement	(30, 40]
PRSS1_domain	P98159	31.2	0.969	0.09	2.64e-32	121	1	217	1145	1379	NUDEL_DROME	Serine protease ndl	Drosophila melanogaster	other S1	(30, 40]
PRSS1_domain	Q9WUW3	30.9	0.964	0.379	3.605e-32	121	1	216	362	590	CFAI_RAT	Complement factor I	Rattus norvegicus	coag/complement	(30, 40]
PRSS1_domain	Q9Y6M0	32.5	0.987	0.78	4.923e-32	120	1	221	42	286	TEST_HUMAN	Testisin	Homo sapiens	other S1	(30, 40]
PRSS1_domain	Q76BS1	33.0	0.982	0.312	4.923e-32	120	1	220	495	722	HGF_BOVIN	Hepatocyte growth factor	Bos taurus	coag/complement	(30, 40]
PRSS1_domain	Q7SIG2	33.6	0.964	0.973	6.722e-32	120	1	216	1	216	CTR1_SOLIN	Chymotrypsin-1	Solenopsis invicta	chymotrypsin-like	(30, 40]
PRSS1_domain	Q24K22	32.9	0.964	0.31	6.722e-32	120	1	216	485	705	HGFL_BOVIN	Hepatocyte growth factor-like protein	Bos taurus	coag/complement	(30, 40]
PRSS1_domain	P11034	33.1	0.982	0.907	1.253e-31	119	1	220	21	243	MCPT1_MOUSE	Mast cell protease 1	Mus musculus	other S1	(30, 40]
PRSS1_domain	P35042	34.4	0.862	0.777	1.253e-31	119	25	217	55	253	TRYP_CHOFU	Trypsin CFT-1	Choristoneura fumiferana	trypsin	(30, 40]
PRSS1_domain	A0A1S4H5M5	34.8	0.902	0.572	1.711e-31	119	19	220	149	363	CLA28_ANOGA	Inactive CLIP domain-containing serine protease A28	Anopheles gambiae	other S1	(30, 40]
PRSS1_domain	P80420	33.0	0.987	0.846	2.336e-31	118	1	221	39	258	TRYP_STREX	Trypsin-like protease	Streptomyces exfoliatus	trypsin	(30, 40]
PRSS1_domain	Q99895	33.1	0.964	0.869	2.336e-31	118	1	216	30	262	CTRC_HUMAN	Chymotrypsin-C	Homo sapiens	chymotrypsin-like	(30, 40]
PRSS1_domain	Q8I6K0	32.4	0.982	0.721	2.336e-31	118	1	220	97	349	PPAF3_HOLDI	Phenoloxidase-activating factor 3	Holotrichia diomphalia	coag/complement	(30, 40]
PRSS1_domain	Q402U7	32.4	0.964	0.616	3.189e-31	118	1	216	112	340	PRS44_MOUSE	Serine protease 44	Mus musculus	other S1	(30, 40]
PRSS1_domain	Q61129	31.6	0.964	0.38	3.189e-31	118	1	216	361	589	CFAI_MOUSE	Complement factor I	Mus musculus	coag/complement	(30, 40]
PRSS1_domain	P21902	34.4	0.857	0.571	4.353e-31	117	25	216	157	370	PCE_TACTR	Proclotting enzyme	Tachypleus tridentatus	other S1	(30, 40]
PRSS1_domain	Q58L95	30.9	0.969	0.516	4.353e-31	117	1	217	210	450	FAXC_OXYMI	Venom prothrombin activator omicarin-C catalytic subunit	Oxyuranus microlepidotus	venom protease	(30, 40]
PRSS1_domain	P51124	35.8	0.969	0.875	5.942e-31	117	1	217	26	250	GRAM_HUMAN	Granzyme M	Homo sapiens	other S1	(30, 40]
PRSS1_domain	Q7RTY3	30.4	0.933	0.881	5.942e-31	117	13	221	6	234	PRS45_HUMAN	Putative serine protease 45	Homo sapiens	other S1	(30, 40]
PRSS1_domain	P49276	32.9	0.982	0.821	5.942e-31	117	1	220	50	278	DERF6_DERFA	Mite allergen Der f 6	Dermatophagoides farinae	other S1	(30, 40]
PRSS1_domain	P83370	30.6	0.987	0.536	5.942e-31	117	1	221	210	453	FAXD_HOPST	Venom prothrombin activator hopsarin-D	Hoplocephalus stephensii	venom protease	(30, 40]
PRSS1_domain	Q7M3E1	31.7	0.982	0.884	1.1070000000000001e-30	116	1	220	30	266	CTRC_BOVIN	Chymotrypsin-C	Bos taurus	chymotrypsin-like	(30, 40]
PRSS1_domain	P26928	33.1	0.982	0.314	1.1070000000000001e-30	116	1	220	489	713	HGFL_MOUSE	Hepatocyte growth factor-like protein	Mus musculus	coag/complement	(30, 40]
PRSS1_domain	Q7PPZ8	31.5	1.0	0.875	1.511e-30	116	1	224	34	271	MRAP1_ANOGA	Mating-regulated atrial protease 1	Anopheles gambiae	other S1	(30, 40]
PRSS1_domain	Q58L96	30.9	0.969	0.516	2.0630000000000002e-30	115	1	217	210	450	FAXC_OXYSU	Venom prothrombin activator oscutarin-C catalytic subunit	Oxyuranus scutellatus	venom protease	(30, 40]
PRSS1_domain	P79204	32.0	0.996	0.915	2.816e-30	115	1	223	22	246	MCPT2_SHEEP	Mast cell protease 2	Ovis aries	other S1	(30, 40]
PRSS1_domain	O97398	29.5	0.969	0.808	3.843e-30	115	1	217	46	268	CTR_PHACE	Chymotrypsin	Phaedon cochleariae	chymotrypsin-like	(0, 30]
PRSS1_domain	Q9V3Z2	34.0	0.875	0.57	3.843e-30	115	25	220	167	389	SER7_DROME	Serine protease 7	Drosophila melanogaster	other S1	(30, 40]
PRSS1_domain	F5HKX0	32.1	0.982	0.628	5.245e-30	114	1	220	148	399	CLB9_ANOGA	CLIP domain-containing serine protease B9	Anopheles gambiae	other S1	(30, 40]
PRSS1_domain	Q69DK8	32.6	1.0	0.357	5.245e-30	114	1	224	438	682	C1S_PIG	Complement C1s subcomponent	Sus scrofa	coag/complement	(30, 40]
PRSS1_domain	B5U2W0	33.9	0.844	0.569	7.158000000000001e-30	114	25	213	147	351	VSP_BOMIG	Venom serine protease Bi-VSP	Bombus ignitus	venom protease	(30, 40]
PRSS1_domain	A0A6I8TBG6	34.0	0.933	0.489	9.769e-30	113	13	221	240	470	CLA3_AEDAE	Inactive CLIP domain-containing serine protease A3	Aedes aegypti	other S1	(30, 40]
PRSS1_domain	Q3SYP2	32.6	0.982	0.884	1.333e-29	113	1	220	30	266	CTRC_MOUSE	Chymotrypsin-C	Mus musculus	chymotrypsin-like	(30, 40]
PRSS1_domain	Q9BZJ3	34.9	0.817	0.826	1.8189999999999998e-29	113	1	183	38	237	TRYD_HUMAN	Tryptase delta	Homo sapiens	tryptase	(30, 40]
PRSS1_domain	P00770	32.1	1.0	0.919	1.8189999999999998e-29	113	1	224	21	247	MCPT2_RAT	Mast cell protease 2	Rattus norvegicus	other S1	(30, 40]
PRSS1_domain	Q54179	31.5	0.991	0.828	1.8189999999999998e-29	113	1	222	46	267	TRYP_STRGA	Trypsin-like protease	Streptomyces glaucescens	trypsin	(30, 40]
PRSS1_domain	Q9VP95	33.4	0.897	0.738	1.8189999999999998e-29	113	14	214	58	260	SEMS_DROME	Seminase	Drosophila melanogaster	other S1	(30, 40]
PRSS1_domain	Q61096	32.0	0.982	0.866	2.482e-29	112	1	220	30	249	PRTN3_MOUSE	Myeloblastin	Mus musculus	other S1	(30, 40]
PRSS1_domain	P50339	32.0	0.996	0.915	3.3869999999999996e-29	112	1	223	22	247	CMA1_RAT	Chymase	Rattus norvegicus	chymotrypsin-like	(30, 40]
PRSS1_domain	Q56VR3	29.3	0.969	0.516	8.603e-29	111	1	217	210	450	FAXC_PSETE	Venom prothrombin activator pseutarin-C catalytic subunit	Pseudonaja textilis	venom protease	(0, 30]
PRSS1_domain	P05156	30.0	0.964	0.395	8.603e-29	111	1	216	340	569	CFAI_HUMAN	Complement factor I	Homo sapiens	coag/complement	(0, 30]
PRSS1_domain	Q2TV78	31.6	0.964	0.309	8.603e-29	111	1	216	488	708	MST1L_HUMAN	Putative macrophage stimulating 1-like protein	Homo sapiens	other S1	(30, 40]
PRSS1_domain	P83298	31.6	0.964	0.979	1.1740000000000002e-28	110	1	216	1	237	FIBC_LUMRU	Fibrinolytic enzyme, isozyme C	Lumbricus rubellus	other S1	(30, 40]
PRSS1_domain	O97366	32.0	0.933	0.649	1.1740000000000002e-28	110	12	220	127	363	PPAF1_HOLDI	Phenoloxidase-activating factor 1	Holotrichia diomphalia	coag/complement	(30, 40]
PRSS1_domain	Q2VG86	33.7	0.964	0.68	1.1740000000000002e-28	110	1	216	113	363	HP8_BOMMO	CLIP domain-containing serine protease HP8	Bombyx mori	other S1	(30, 40]
PRSS1_domain	P85202	31.6	0.996	0.995	1.601e-28	110	1	223	2	220	CMA1_RABIT	Chymase	Oryctolagus cuniculus	chymotrypsin-like	(30, 40]
PRSS1_domain	P21844	31.1	0.996	0.915	1.601e-28	110	1	223	22	247	CMA1_MOUSE	Chymase	Mus musculus	chymotrypsin-like	(30, 40]
PRSS1_domain	Q3UP87	32.3	1.0	0.838	1.601e-28	110	1	224	29	250	ELNE_MOUSE	Neutrophil elastase	Mus musculus	elastase	(30, 40]
PRSS1_domain	P08246	33.9	0.982	0.813	1.601e-28	110	1	220	30	246	ELNE_HUMAN	Neutrophil elastase	Homo sapiens	elastase	(30, 40]
PRSS1_domain	P55091	32.6	0.982	0.884	1.601e-28	110	1	220	30	266	CTRC_RAT	Chymotrypsin-C	Rattus norvegicus	chymotrypsin-like	(30, 40]
PRSS1_domain	P15156	34.1	1.0	0.354	1.601e-28	110	1	224	445	690	CASP_MESAU	Calcium-dependent serine proteinase	Mesocricetus auratus	other S1	(30, 40]
PRSS1_domain	Q7PEV7	31.6	0.982	0.7	2.184e-28	109	1	220	108	359	CLB4_ANOGA	CLIP domain-containing serine protease B4	Anopheles gambiae	other S1	(30, 40]
PRSS1_domain	Q9VB68	28.6	0.996	0.682	2.184e-28	109	1	223	119	375	GRASS_DROME	Serine protease grass	Drosophila melanogaster	other S1	(0, 30]
PRSS1_domain	Q5R5A4	29.6	0.964	0.395	2.184e-28	109	1	216	340	569	CFAI_PONAB	Complement factor I	Pongo abelii	coag/complement	(0, 30]
PRSS1_domain	Q6P6T1	33.3	1.0	0.358	2.184e-28	109	1	224	438	683	C1S_RAT	Complement C1s subcomponent	Rattus norvegicus	coag/complement	(30, 40]
PRSS1_domain	Q9XXV0	33.3	0.982	0.603	2.98e-28	109	1	220	174	439	PPAE_BOMMO	Phenoloxidase-activating enzyme	Bombyx mori	other S1	(30, 40]
PRSS1_domain	Q1L658	31.3	0.969	0.512	2.98e-28	109	1	217	210	446	FA102_PSETE	Coagulation factor X isoform 2	Pseudonaja textilis	coag/complement	(30, 40]
PRSS1_domain	Q8K4I7	32.0	0.955	0.741	4.065e-28	109	8	221	57	291	PRS45_MOUSE	Inactive serine protease 45	Mus musculus	other S1	(30, 40]
PRSS1_domain	A0A126GUP6	29.2	0.991	0.658	4.065e-28	109	1	222	138	400	MP1_DROME	Melanization protease 1	Drosophila melanogaster	other S1	(0, 30]
PRSS1_domain	Q7QBP4	30.9	0.982	0.693	5.545e-28	108	1	220	110	360	CLB10_ANOGA	CLIP domain-containing serine protease B10	Anopheles gambiae	other S1	(30, 40]
PRSS1_domain	Q9NAS9	31.3	0.924	0.64	5.545e-28	108	14	220	126	358	CLB15_ANOGA	CLIP domain-containing serine protease B15	Anopheles gambiae	other S1	(30, 40]
PRSS1_domain	Q6AXZ6	29.0	0.969	0.653	7.563e-28	108	1	217	70	310	PRS40_RAT	Serine protease 40	Rattus norvegicus	other S1	(0, 30]
PRSS1_domain	Q8MUG0	31.1	0.982	0.861	1.407e-27	107	1	220	32	267	GPL_GLOFF	Lectizyme	Glossina fuscipes fuscipes	other S1	(30, 40]
PRSS1_domain	Q4TTV7	31.1	0.982	0.861	2.616e-27	106	1	220	32	267	GPL_GLOAU	Lectizyme	Glossina austeni	other S1	(30, 40]
PRSS1_domain	A0A1S4H5S2	32.3	0.871	0.581	3.568e-27	106	26	220	149	359	CLA8_ANOGA	Inactive CLIP domain-containing serine protease A8	Anopheles gambiae	other S1	(30, 40]
PRSS1_domain	Q76HL1	29.6	0.946	0.597	3.568e-27	106	13	224	131	358	PRS43_MOUSE	Serine protease 43	Mus musculus	other S1	(0, 30]
PRSS1_domain	P35003	27.6	0.969	0.902	4.8649999999999996e-27	106	1	217	24	252	CTRL_HALRU	Chymotrypsin-like serine proteinase	Haliotis rufescens	chymotrypsin-like	(0, 30]
PRSS1_domain	A6H6T1	29.7	1.0	0.679	6.634e-27	105	1	224	69	316	PRS40_MOUSE	Serine protease 40	Mus musculus	other S1	(0, 30]
PRSS1_domain	Q0VCX1	31.4	0.982	0.353	6.634e-27	105	1	220	438	680	C1S_BOVIN	Complement C1s subcomponent	Bos taurus	coag/complement	(30, 40]
PRSS1_domain	P80010	37.0	0.79	0.221	9.045999999999999e-27	105	1	177	582	761	PLMN_HORSE	Plasminogen	Equus caballus	coag/complement	(30, 40]
PRSS1_domain	C1IBY0	32.2	0.946	0.875	1.233e-26	104	1	212	24	240	SER_TABYA	Tabserin	Tabanus yao	other S1	(30, 40]
PRSS1_domain	Q17004	31.2	0.982	0.808	1.233e-26	104	1	220	50	268	SP24D_ANOGA	Serine protease SP24D	Anopheles gambiae	other S1	(30, 40]
PRSS1_domain	O96900	33.1	0.991	0.836	1.233e-26	104	1	222	36	274	VSP1_SCOSU	Serine protease SSP1 (Fragment)	Scolopendra subspinipes	other S1	(30, 40]
PRSS1_domain	O70169	28.6	0.996	0.684	1.233e-26	104	1	223	68	318	PRS39_MOUSE	Inactive serine protease 39	Mus musculus	other S1	(0, 30]
PRSS1_domain	Q9GRW0	31.6	0.884	0.533	1.233e-26	104	25	222	185	405	PPAF2_HOLDI	Phenoloxidase-activating factor 2	Holotrichia diomphalia	coag/complement	(30, 40]
PRSS1_domain	Q7M4I3	30.6	0.951	0.959	1.6820000000000002e-26	104	1	213	1	233	SP4_BOMPE	Venom protease	Bombus pensylvanicus	venom protease	(30, 40]
PRSS1_domain	Q5M8S2	29.0	0.982	0.755	1.6820000000000002e-26	104	1	220	44	280	PRS46_MOUSE	Serine protease 46	Mus musculus	other S1	(0, 30]
PRSS1_domain	P09871	30.7	1.0	0.358	1.6820000000000002e-26	104	1	224	438	683	C1S_HUMAN	Complement C1s subcomponent	Homo sapiens	coag/complement	(30, 40]
PRSS1_domain	Q8CG14	32.5	1.0	0.358	2.2920000000000002e-26	104	1	224	438	683	CS1A_MOUSE	Complement C1s-1 subcomponent	Mus musculus	coag/complement	(30, 40]
PRSS1_domain	P0DPS3	29.8	0.866	0.995	3.1250000000000003e-26	103	1	194	1	199	VASP1_VIPAA	Snake venom serine protease VaSP1 (Fragment)	Vipera ammodytes ammodytes	venom protease	(0, 30]
PRSS1_domain	Q6IE63	29.0	0.982	0.755	3.1250000000000003e-26	103	1	220	44	280	PRS46_RAT	Serine protease 46	Rattus norvegicus	other S1	(0, 30]
PRSS1_domain	Q8CFG8	34.0	1.0	0.358	3.1250000000000003e-26	103	1	224	438	683	CS1B_MOUSE	Complement C1s-1 subcomponent	Mus musculus	coag/complement	(30, 40]
PRSS1_domain	P20160	29.2	0.982	0.865	5.807e-26	102	1	220	27	243	CAP7_HUMAN	Azurocidin	Homo sapiens	other S1	(0, 30]
PRSS1_domain	P00775	29.2	0.964	0.834	1.47e-25	101	1	216	37	252	TRYP_STRGR	Trypsin	Streptomyces griseus	trypsin	(0, 30]
PRSS1_domain	Q6IE62	29.8	0.955	0.712	1.47e-25	101	8	221	57	291	PRS45_RAT	Inactive serine protease 45	Rattus norvegicus	other S1	(0, 30]
PRSS1_domain	F1DQG5	31.3	0.973	0.851	2.004e-25	101	1	218	37	264	ESP_ANOGA	Epithelial serine protease	Anopheles gambiae	other S1	(30, 40]
PRSS1_domain	P08897	31.7	0.969	0.858	2.731e-25	100	1	217	31	253	COGS_HYPLI	Collagenase	Hypoderma lineatum	other S1	(30, 40]
PRSS1_domain	Q5R544	31.1	0.969	0.333	2.731e-25	100	1	217	464	698	C1R_PONAB	Complement C1r subcomponent	Pongo abelii	coag/complement	(30, 40]
PRSS1_domain	B6D985	28.9	0.996	0.613	3.722e-25	100	1	223	156	400	HPT_CEREL	Haptoglobin	Cervus elaphus	other S1	(0, 30]
PRSS1_domain	P19007	28.9	0.996	0.706	9.415e-25	99	1	223	103	347	HPT_RABIT	Haptoglobin	Oryctolagus cuniculus	other S1	(0, 30]
PRSS1_domain	B6E141	27.7	0.996	0.611	9.415e-25	99	1	223	157	401	HPT_CAPIB	Haptoglobin	Capra ibex	other S1	(0, 30]
PRSS1_domain	Q8MZM7	29.9	0.969	0.652	9.415e-25	99	1	217	137	400	CLB8_ANOGA	CLIP domain-containing serine protease B8	Anopheles gambiae	other S1	(0, 30]
PRSS1_domain	P17207	32.9	0.969	0.827	1.283e-24	98	1	217	41	265	SER3_DROME	Serine protease 3	Drosophila melanogaster	other S1	(30, 40]
PRSS1_domain	Q8MQS8	30.6	0.964	0.573	1.283e-24	98	1	216	161	392	SP34_APIME	Venom serine protease 34	Apis mellifera	venom protease	(30, 40]
PRSS1_domain	P00736	30.7	0.969	0.333	1.283e-24	98	1	217	464	698	C1R_HUMAN	Complement C1r subcomponent	Homo sapiens	coag/complement	(30, 40]
PRSS1_domain	Q4R577	29.0	0.969	0.333	1.283e-24	98	1	217	464	698	C1R_MACFA	Complement C1r subcomponent	Macaca fascicularis	coag/complement	(0, 30]
PRSS1_domain	Q5R1W3	30.7	0.969	0.333	1.283e-24	98	1	217	464	698	C1R_PANTR	Complement C1r subcomponent	Pan troglodytes	coag/complement	(30, 40]
PRSS1_domain	P19006	28.3	0.996	0.745	1.747e-24	98	1	223	85	329	HPT_CANLF	Haptoglobin	Canis lupus familiaris	other S1	(0, 30]
PRSS1_domain	Q8CFG9	30.8	0.969	0.336	1.747e-24	98	1	217	463	699	C1RB_MOUSE	Complement C1r-B subcomponent	Mus musculus	coag/complement	(30, 40]
PRSS1_domain	Q28801	28.5	0.996	0.708	2.381e-24	98	1	223	102	346	HPTR_PANTR	Haptoglobin-related protein (Fragment)	Pan troglodytes	other S1	(0, 30]
PRSS1_domain	P00738	27.7	0.996	0.603	3.243e-24	97	1	223	162	406	HPT_HUMAN	Haptoglobin	Homo sapiens	other S1	(0, 30]
PRSS1_domain	P00739	28.1	0.996	0.704	4.417e-24	97	1	223	104	348	HPTR_HUMAN	Haptoglobin-related protein	Homo sapiens	other S1	(0, 30]
PRSS1_domain	Q8SPS7	28.2	0.996	0.706	6.016e-24	96	1	223	103	347	HPT_PIG	Haptoglobin	Sus scrofa	other S1	(0, 30]
PRSS1_domain	Q2TBU0	27.3	0.996	0.611	6.016e-24	96	1	223	157	401	HPT_BOVIN	Haptoglobin	Bos taurus	other S1	(0, 30]
PRSS1_domain	Q7Z269	31.3	0.973	0.841	8.193999999999999e-24	96	1	218	34	266	SP4_POLDO	Venom serine protease	Polistes dominula	venom protease	(30, 40]
PRSS1_domain	Q5R5F6	27.3	0.996	0.706	8.193999999999999e-24	96	1	223	103	347	HPT_PONAB	Haptoglobin	Pongo abelii	other S1	(0, 30]
PRSS1_domain	A0A6J1W8N1	30.5	0.875	0.713	2.0689999999999998e-23	95	26	221	77	292	PFAF2_GALME	Phenoloxidase-activating factor 2 (Fragment)	Galleria mellonella	coag/complement	(30, 40]
PRSS1_domain	A8JUP7	29.9	0.911	0.355	3.837e-23	94	17	220	406	631	HAYAN_DROME	Serine protease Hayan	Drosophila melanogaster	other S1	(0, 30]
PRSS1_domain	P23604	33.0	0.857	0.953	5.2239999999999996e-23	94	1	192	1	203	ACH1_LONAC	Achelase-1	Lonomia achelous	other S1	(30, 40]
PRSS1_domain	P84033	28.3	0.964	0.98	9.681e-23	93	1	216	1	240	PN47_PHONI	U21-ctenitoxin-Pn1a	Phoneutria nigriventer	other S1	(0, 30]
PRSS1_domain	P23605	33.3	0.857	0.953	1.318e-22	93	1	192	1	204	ACH2_LONAC	Achelase-2	Lonomia achelous	other S1	(30, 40]
PRSS1_domain	G5AE35	29.9	0.982	0.885	1.318e-22	93	1	220	29	259	GIP3_PHYSP	Glucanase inhibitor protein 3	Phytophthora sojae (strain P6497)	other S1	(0, 30]
PRSS1_domain	P50417	26.5	0.996	0.706	2.441e-22	92	1	223	103	347	HPT_ATEGE	Haptoglobin	Ateles geoffroyi	other S1	(0, 30]
PRSS1_domain	Q3UZ09	29.3	0.973	0.492	2.441e-22	92	3	220	242	478	C1RL_MOUSE	Complement C1r subcomponent-like protein	Mus musculus	coag/complement	(0, 30]
PRSS1_domain	Q5VAN1	26.5	0.996	0.706	3.3219999999999996e-22	91	1	223	103	347	HPT_PAPHA	Haptoglobin	Papio hamadryas	other S1	(0, 30]
PRSS1_domain	P13582	30.1	0.933	0.628	3.3219999999999996e-22	91	12	220	145	390	EAST_DROME	Serine protease ea	Drosophila melanogaster	other S1	(30, 40]
PRSS1_domain	Q9VWU1	29.9	0.982	0.622	3.3219999999999996e-22	91	1	220	144	388	PSH_DROME	Serine protease persephone	Drosophila melanogaster	other S1	(0, 30]
PRSS1_domain	Q8CG16	28.7	0.969	0.337	6.152999999999999e-22	91	1	217	463	700	C1RA_MOUSE	Complement C1r-A subcomponent	Mus musculus	coag/complement	(0, 30]
PRSS1_domain	Q966V2	27.8	0.964	0.613	1.139e-21	90	1	216	130	367	SPRM_HALRO	Spermosin	Halocynthia roretzi	other S1	(0, 30]
PRSS1_domain	Q9UI38	28.2	0.911	0.595	2.8680000000000002e-21	89	13	216	125	353	TSP50_HUMAN	Probable threonine protease PRSS50	Homo sapiens	other S1	(0, 30]
PRSS1_domain	O35086	26.5	0.996	0.708	7.216000000000001e-21	87	1	223	102	346	HPT_MESAU	Haptoglobin	Mesocricetus auratus	other S1	(0, 30]
PRSS1_domain	Q60574	26.5	0.996	0.706	7.216000000000001e-21	87	1	223	103	347	HPT_MUSCR	Haptoglobin	Mus caroli	other S1	(0, 30]
PRSS1_domain	Q9NAS8	27.3	0.969	0.709	7.216000000000001e-21	87	1	217	101	366	CLB14_ANOGA	CLIP domain-containing serine protease B14	Anopheles gambiae	other S1	(0, 30]
PRSS1_domain	Q571E5	28.0	0.915	0.4	9.813e-21	87	13	217	49	269	PRS53_MOUSE	Serine protease 53	Mus musculus	other S1	(0, 30]
PRSS1_domain	B1AC88	28.2	0.973	0.872	1.3340000000000002e-20	87	1	218	29	253	GIP3_PHYIN	Glucanase inhibitor protein 3	Phytophthora infestans	other S1	(0, 30]
PRSS1_domain	Q61646	26.2	0.996	0.706	1.3340000000000002e-20	87	1	223	103	347	HPT_MOUSE	Haptoglobin	Mus musculus	other S1	(0, 30]
PRSS1_domain	Q2L4Q9	26.9	0.915	0.4	1.3340000000000002e-20	87	13	217	49	269	PRS53_HUMAN	Serine protease 53	Homo sapiens	other S1	(0, 30]
PRSS1_domain	P80015	28.0	0.982	0.874	4.5580000000000005e-20	85	1	220	27	241	CAP7_PIG	Azurocidin	Sus scrofa	other S1	(0, 30]
PRSS1_domain	Q6IE64	28.3	0.973	0.514	8.421000000000001e-20	84	3	220	216	452	C1RL_RAT	Complement C1r subcomponent-like protein	Rattus norvegicus	coag/complement	(0, 30]
PRSS1_domain	Q945T9	29.3	0.982	0.789	1.555e-19	83	1	220	29	256	GIP2_PHYSO	Glucanase inhibitor protein 2	Phytophthora sojae	other S1	(0, 30]
PRSS1_domain	P06866	25.3	0.996	0.706	1.555e-19	83	1	223	103	347	HPT_RAT	Haptoglobin	Rattus norvegicus	other S1	(0, 30]
PRSS1_domain	A8MTI9	27.4	0.964	0.635	1.555e-19	83	1	216	81	318	PRS47_HUMAN	Putative serine protease 47	Homo sapiens	other S1	(0, 30]
PRSS1_domain	A0A1S4GMJ4	31.4	0.884	0.601	3.901e-19	82	25	222	139	352	CLC9_ANOGA	CLIP domain-containing serine protease C9	Anopheles gambiae	other S1	(30, 40]
PRSS1_domain	Q9VCJ8	29.4	0.982	0.66	9.777e-19	81	1	220	135	398	SPE_DROME	Spaetzle-processing enzyme	Drosophila melanogaster	other S1	(0, 30]
PRSS1_domain	Q62558	25.2	0.987	0.7	1.803e-18	80	1	221	103	345	HPT_MUSSA	Haptoglobin	Mus saxicola	other S1	(0, 30]
PRSS1_domain	B1AC87	28.0	0.973	0.879	3.324e-18	79	1	218	27	251	GIP2_PHYIN	Glucanase inhibitor protein 2	Phytophthora infestans	other S1	(0, 30]
PRSS1_domain	Q8BLH5	28.1	0.911	0.522	8.314e-18	78	13	216	179	407	TSP50_MOUSE	Probable threonine protease PRSS50	Mus musculus	other S1	(0, 30]
PRSS1_domain	A0A834RHI5	27.7	0.987	0.871	1.128e-17	78	1	221	27	255	IPSD1_SARSC	Complement inhibitor S-D1	Sarcoptes scabiei	coag/complement	(0, 30]
PRSS1_domain	Q9NZP8	27.0	0.978	0.489	1.128e-17	78	2	220	246	483	C1RL_HUMAN	Complement C1r subcomponent-like protein	Homo sapiens	coag/complement	(0, 30]
PRSS1_domain	B1AC90	26.4	0.964	0.864	1.531e-17	78	1	216	27	249	GIP1_PHYIN	Glucanase inhibitor protein 1	Phytophthora infestans	other S1	(0, 30]
PRSS1_domain	Q7K5M0	24.8	0.951	0.327	2.078e-17	77	12	224	434	647	SCARF_DROME	Inactive serine protease scarface	Drosophila melanogaster	other S1	(0, 30]
PRSS1_domain	Q945U0	27.0	0.982	0.883	3.824e-17	76	1	220	29	255	GIP1_PHYSO	Glucanase inhibitor protein 1	Phytophthora sojae	other S1	(0, 30]
PRSS1_domain	Q6UXH9	27.3	0.911	0.335	8.026e-16	72	17	220	479	719	PAMR1_HUMAN	Inactive serine protease PAMR1	Homo sapiens	other S1	(0, 30]
PRSS1_domain	Q5RDI1	27.3	0.911	0.335	1.473e-15	72	17	220	479	719	PAMR1_PONAB	Inactive serine protease PAMR1	Pongo abelii	other S1	(0, 30]
PRSS1_domain	Q5E9P5	28.0	0.875	0.321	1.473e-15	72	25	220	489	719	PAMR1_BOVIN	Inactive serine protease PAMR1	Bos taurus	other S1	(0, 30]
PRSS1_domain	Q6VPT6	26.3	1.0	0.895	3.661e-15	70	1	224	28	257	IPSI1_SARSC	Complement inhibitor S-I1	Sarcoptes scabiei	coag/complement	(0, 30]
PRSS1_domain	Q6DIV5	28.2	0.875	0.32	4.957e-15	70	25	220	491	721	PAMR1_XENTR	Inactive serine protease PAMR1	Xenopus tropicalis	other S1	(0, 30]
PRSS1_domain	Q8BU25	27.5	0.906	0.333	9.085e-15	69	18	220	480	719	PAMR1_MOUSE	Inactive serine protease PAMR1	Mus musculus	other S1	(0, 30]
PRSS1_domain	B1AC89	27.2	0.812	0.718	5.576e-14	67	1	182	29	211	GIP4_PHYIN	Glucanase inhibitor protein 4	Phytophthora infestans	other S1	(0, 30]
PRSS1_domain	Q6PEW0	28.3	0.911	0.534	1.02e-13	66	13	216	54	264	PRS54_HUMAN	Inactive serine protease 54	Homo sapiens	other S1	(0, 30]
PRSS1_domain	Q7M756	24.4	0.911	0.548	2.791e-12	62	13	216	44	253	PRS54_MOUSE	Inactive serine protease 54	Mus musculus	other S1	(0, 30]
PRSS1_domain	A0A1S4HE51	23.6	0.946	0.577	5.084e-12	61	13	224	163	402	CLA30_ANOGA	Inactive CLIP domain-containing serine protease A30	Anopheles gambiae	other S1	(0, 30]
PRSS1_domain	P81187	23.2	0.929	0.342	5.084e-12	61	13	220	494	753	CFAB_BOVIN	Complement factor B	Bos taurus	coag/complement	(0, 30]
PRSS1_domain	Q864W1	23.7	0.929	0.344	1.248e-11	60	13	220	494	756	CFAB_PONPY	Complement factor B	Pongo pygmaeus	coag/complement	(0, 30]
PRSS1_domain	A4QD57	26.2	0.897	0.655	2.27e-11	59	16	216	50	231	Y1176_CORGB	Uncharacterized peptidase cgR_1176	Corynebacterium glutamicum (strain R)	other S1	(0, 30]
PRSS1_domain	Q8NRF6	26.2	0.897	0.655	2.27e-11	59	16	216	50	231	Y1093_CORGL	Putative peptidase Cgl1093	Corynebacterium glutamicum (strain ATCC 13032 / DSM 20300 / JCM 1318 / BCRC 11384 / CCUG 27702 / LMG 3730 / NBRC 12168 / NCIMB 10025 / NRRL B-2784 / 534)	other S1	(0, 30]
PRSS1_domain	P00751	23.7	0.929	0.344	5.558e-11	58	13	220	494	756	CFAB_HUMAN	Complement factor B	Homo sapiens	coag/complement	(0, 30]
PRSS1_domain	Q864W0	23.7	0.929	0.344	5.558e-11	58	13	220	494	756	CFAB_PANTR	Complement factor B	Pan troglodytes	coag/complement	(0, 30]
PRSS1_domain	Q864V9	23.7	0.929	0.344	5.558e-11	58	13	220	494	756	CFAB_GORGO	Complement factor B	Gorilla gorilla gorilla	coag/complement	(0, 30]
PRSS1_domain	Q03710	24.1	0.902	0.331	7.489e-11	57	19	220	505	757	CFAB_PIG	Complement factor B	Sus scrofa	coag/complement	(0, 30]
PRSS1_domain	P04186	20.9	0.929	0.346	1.087e-09	54	13	220	491	753	CFAB_MOUSE	Complement factor B	Mus musculus	coag/complement	(0, 30]
PRSS1_domain	P21180	22.9	0.835	0.303	1.462e-09	53	8	194	481	710	CO2_MOUSE	Complement C2	Mus musculus	coag/complement	(0, 30]
PRSS1_domain	Q3SYW2	23.5	0.897	0.329	1.965e-09	53	9	209	476	722	CO2_BOVIN	Complement C2	Bos taurus	coag/complement	(0, 30]
PRSS1_domain	C1JE15	25.6	0.862	0.736	1.156e-08	51	25	217	72	283	SCLXB_HELVI	Scolexin B	Heliothis virescens	other S1	(0, 30]
PRSS1_domain	Q8SQ75	24.5	0.835	0.302	1.156e-08	51	8	194	474	700	CO2_PONPY	Complement C2	Pongo pygmaeus	coag/complement	(0, 30]
PRSS1_domain	P06681	24.5	0.835	0.302	1.156e-08	51	8	194	474	700	CO2_HUMAN	Complement C2	Homo sapiens	coag/complement	(0, 30]
PRSS1_domain	Q863A0	24.5	0.835	0.302	1.156e-08	51	8	194	474	700	CO2_GORGO	Complement C2	Gorilla gorilla gorilla	coag/complement	(0, 30]
PRSS1_domain	Q8SQ74	24.3	0.835	0.302	1.552e-08	50	8	194	474	700	CO2_PANTR	Complement C2	Pan troglodytes	coag/complement	(0, 30]
